"column_label","time","S","Lg","Lq","Ig_pres","Iq_pres","Iag_r","Iaq_r","Ismg","Ism_iso","Iss","Iss_hosp","Iss_isohome","H_g_OK","H_g_denied","H_ICU_OK","H_ICU_denied","H_vent_OK","H_vent_denied","D","R","N_tot","L_tot1","I_tot1"
"1",0,1e+06,100,100,0,0,0,0,0,0,0,0,0,0,0,0,0,0,0,0,0,1000200,200,0
"1",1,999999.931518483,92.2489969812038,92.2013643539546,7.49641956974779,7.49545156052913,0.300093250278364,0.240827004689703,0.00808551919396463,0.00113400098159367,0.0657359284062165,6.9758383631805e-05,0.00156227286885851,0.000107036862222745,3.99734397901189e-22,1.50120114633953e-05,8.03903016083848e-23,2.10544744583537e-06,5.8371234213797e-23,7.625691797555e-06,0.00860953705343159,1000200,184.450361335158,15.6093788650793
"1",2,999999.483633526,85.4164428775659,85.0650607173401,13.8372021096458,13.8229197670461,1.1070799789388,0.913057499582835,0.0298242395979684,0.00418287510895111,0.24247349266641,0.000294223920697468,0.0115239755765395,0.000786673496050662,1.22065929202345e-20,0.00011033163057495,3.73763106576371e-21,1.54741055424389e-05,6.37375470544526e-22,0.000118266380440318,0.0652739715255085,1000200,170.481503594906,29.9685581620841
"1",3,999998.356478773,79.6756871567977,78.5817852047581,19.191700217895,19.1250216060307,2.29889756631298,1.94817987923296,0.0619075689873696,0.00868258949309745,0.503313569003005,0.000639437357270653,0.0358690818109286,0.00221330914022073,8.28198879234754e-20,0.000310418499711687,1.22371768667401e-20,4.35364600507839e-05,-1.28922984270752e-22,0.000546615079771277,0.208723470274043,1000200,158.257472361556,43.1742115161233
"1",4,999996.323344023,75.1261457496721,72.7331870074086,23.7265345224828,23.5321350658381,3.77570173027166,3.28621759291816,0.101601167577339,0.0142496506408354,0.826025752661289,0.00107403788783926,0.0784368115070087,0.00431731548078257,2.24021413404252e-19,0.000605507188296757,1.24918001103815e-20,8.49229009811871e-05,2.21642077487602e-21,0.00156039992554623,0.468778742532233,1000200,147.859332757081,55.341976331785
"1",5,999993.216907574,71.8105251054014,67.4943458981625,27.6007304263944,27.1627541355623,5.45765285182351,4.87496981624821,0.146681774719638,0.0205722443449435,1.19253475381819,0.00157144952107735,0.141392213996863,0.00696320268570288,4.82335344642849e-19,0.000976595131518191,5.90918758123113e-20,0.000136968302368002,2.49338006504254e-21,0.00344107215689659,0.867843917512474,1000200,139.304871003564,66.5988596664291
"1",6,999988.917033426,69.7293669300692,62.8358523230764,30.9624898011545,30.1239895695055,7.28262880346264,6.66928605906762,0.195375877644962,0.0274016339228395,1.58842176947123,0.0021132131980321,0.225622119778816,0.0100092086793546,3.26036459930843e-19,0.00140380007703604,5.26545058136061e-20,0.000196884161317484,4.55313935359668e-21,0.00646504109063666,1.42234353955038,1000200,132.565219253146,77.0773288472061
"1",7,999983.339987876,68.8533714924915,58.7255778543924,33.9471555525776,32.5121245372373,9.20394560234458,8.6303917884606,0.246301227075559,0.0345439577312357,2.0024490006143,0.00268117855991901,0.331070387125167,0.013335418042308,8.47300258267902e-19,0.00187030378472507,3.92838053045946e-20,0.000262311705269308,1.62145195123159e-21,0.0108935836194139,2.14403792872814,1000200,127.578949346884,86.9106632317262
"1",8,999976.429008189,69.1333986508605,55.1300442318857,36.6765099592942,34.4134508725618,11.1880769853441,10.7251746065375,0.298409501832106,0.0418521878282202,2.42609351083013,0.003264128261994,0.457012816334219,0.0168413145249481,7.22332656569303e-19,0.00236200876461643,9.45469850260197e-20,0.00033127374919934,2.97132537009788e-21,0.016968390355679,3.0412013725374,1000200,124.263442882746,96.2298445688243
"1",9,999968.146570518,70.5086194230449,52.0156169052639,39.2583434729608,35.9047992176417,13.2127110596266,12.9256608972504,0.350939045043251,0.0492195011862257,2.85316296783131,0.00385248896085207,0.602280471366737,0.020450374948874,7.02461838551095e-19,0.00286818257549772,1.78754160290789e-19,0.000402265059049282,1.67488566523078e-20,0.0249086412991757,4.11959456880809,1000200,122.524236328309,105.160969121868
"1",10,999958.467538893,72.912938354739,49.3493414043477,41.7871283395338,37.0544641337544,15.2647733447473,15.2083828210054,0.40336643182514,0.056572487017665,3.27940188475723,0.0044410320322527,0.765440812039539,0.0241042569068658,2.21336821080946e-19,0.00338064264486259,7.98406771653934e-20,0.000474138022027478,2.06500363239345e-20,0.0349110339332408,5.38333999044248,1000200,122.262279759087,113.823971286713
"1",11,999947.373741245,76.2800062019306,47.0996540592131,44.3447226836468,37.9228554775229,17.338778669599,17.5539022383916,0.455366957234804,0.0638656051766032,3.7021703840228,0.00502425761635096,0.944940194782131,0.0277642898246343,3.49758577634065e-19,0.00389396539159637,1.18813671357532e-19,0.000546131976244417,1.93807599689486e-20,0.0471501654944703,6.83561747431988,1000200,123.379660261144,122.331626467993
"1",12,999934.849456717,80.5469566544541,45.2368678934932,47.0014900241117,38.5632464834107,19.4353585733048,19.9463424702287,0.506779047494049,0.0710761948024722,4.1201548576752,0.00560090495274453,1.13921348968016,0.0314038413350516,1.00369196875107e-18,0.00440441560343368,2.30725723821105e-20,0.000617723054985568,-1.33949134600686e-21,0.0617802422956838,8.479250467877,1000200,125.783824547947,130.789262045661
"1",13,999920.877788538,85.6569870536329,43.7334563639065,49.8177310856482,39.022599745533,21.5599657896168,22.372927631238,0.557572502484665,0.0782000203028664,4.53310977629809,0.00617166216430731,1.34676401272904,0.0350076596514022,1.21869242591545e-18,0.00490985420424454,1.28524969886513e-20,0.000688611250994389,1.99989507353117e-22,0.0789375436303808,10.3171821503194,1000200,129.390443417539,139.295042226015
"1",14,999905.43782823,91.5614138898103,42.5643524759985,52.8448138826623,39.3420861358338,23.7218245707038,24.8236606018019,0.607823292206173,0.0852477365351873,4.94165278216401,0.00673578971007032,1.5662281012948,0.0385728998566743,9.96619402333949e-19,0.0054098821919851,1.59974737513046e-19,0.000758740603893008,2.91560803306322e-20,0.0987424565580782,12.3528485322565,1000200,134.125766365809,147.940072892912
"1",15,999888.50246642,98.2207873109678,41.7070423439396,56.1266344374223,39.5577854844914,25.9329965536372,27.2909578006182,0.657690221691618,0.0922416160411277,5.34707497310258,0.00729492494606228,1.79641612100006,0.0421030561403474,1.9036974252976e-18,0.00590498962971805,3.31729765791961e-20,0.000828179845445062,1.23776671482433e-20,0.12130250481057,14.5904730622676,1000200,139.927829654907,156.809092132951
"1",16,999870.03659538,105.605379375129,41.1415100008122,59.701117268898,39.7014281453348,28.2077189327289,29.769324356249,0.707397497504265,0.0992131039829242,5.75119916670134,0.00785247892652266,2.03633466944356,0.0456068013373954,1.98734383436709e-18,0.00639639288996538,2.84248406904038e-19,0.000897099572936992,3.45629404808653e-20,0.146715646076184,17.0353136849622,1000200,146.746889375941,165.981585619769
"1",17,999849.996161916,113.695775262521,40.850428264318,63.60107333685,39.800612361749,30.5616961236057,32.2551555277094,0.757217722755656,0.106200433180098,6.15624164841996,0.00841051038687995,2.2852133805478,0.0490995096152359,7.12776753653781e-19,0.0068862482128552,4.06414468630818e-19,0.000965802200890752,9.06551051717327e-20,0.175072069682771,19.6937898830254,1000200,154.546203526839,175.531821045204
"1",18,999828.326807625,122.482485054811,40.8188632297078,67.8558234477096,39.8796850903384,33.0118255985468,34.7464424430119,0.807462473600878,0.113247302454855,6.56473555773071,0.00897356542184331,2.54250053095681,0.0525983195500361,1.41954904572936e-19,0.0073769592983517,1.46490153046752e-19,0.00103462485028194,2.34340582240299e-20,0.206458279149368,22.5736798991762,1000200,163.301348284519,185.530696009772
"1",19,999804.963525591,131.965854689515,41.0343180997821,72.4919978186518,39.95998385922,35.5757586398926,37.2426050687309,0.858470977606779,0.120401288763551,6.97943884233154,0.0095433777868256,2.80786977682543,0.0561263266838206,2.44969683917466e-18,0.00787176531597484,4.0070362684082e-20,0.00110402181740582,2.93987687230739e-20,0.240958976090684,25.6841708808537,1000200,173.000172789297,196.04606964981
"1",20,999779.830199571,142.155708424022,41.486644890607,77.5344736149394,40.060227582886,38.2716499475485,39.7443223768616,0.910602467042328,0.127712774739118,7.40327208977502,0.0101258301946236,3.08121717988437,0.0597048056261972,1.87578419470495e-19,0.00837365004791592,2.7784930261901e-19,0.00117441158026643,-1.97877178293665e-21,0.278659730936162,29.0359306534069,1000200,183.642353314629,207.143603863871
"1",21,999752.838814161,153.070805413889,42.1678006305956,83.0074556551872,40.1970914438527,41.1181560743415,42.2533695623082,0.964233561496323,0.135234581600967,7.83929724793759,0.0107244025255024,3.36264917068505,0.0633593516755348,2.8060009501202e-20,0.00888620325665996,4.1500041584828e-19,0.00124629760612221,-1.48376400283844e-21,0.319649968451962,32.641226274606,1000200,195.238606044485,218.888211699935
"1",22,999723.889652691,164.738471542025,43.071882683523,88.9349601499997,40.3853042807383,44.1341838727101,44.7725119540782,1.01975126381377,0.143020986829069,8.29066068141274,0.0113442020976974,3.65247963679236,0.0671151691754887,4.25528509103314e-18,0.00941295987295907,1.43970768855023e-19,0.00132017567203417,8.17292402456232e-20,0.364024586604724,36.5139031647453,1000200,207.810354225548,231.344217028472
"1",23,999692.870793389,177.194049820114,44.1949267411231,95.3416186651747,40.6380827150698,47.3389629814508,47.3053876591038,1.0775523037638,0.151127632112825,8.76058783547806,0.0119876349895792,3.95121627479898,0.0710012066262657,-7.09064642725499e-16,0.00995797994872294,9.96927450920092e-17,0.00139661520375476,1.11421375023686e-19,0.411886464270445,40.6694640832441,1000200,221.388976561237,244.576523701942
"1",24,999659.65820551,190.480297693203,45.5347700093079,102.253184588558,40.9674034655227,50.7520469716683,49.8564046152926,1.13804139606985,0.159611279038302,9.25236907373861,0.0126614196687831,4.25954666775158,0.0750429015290563,-2.52775848649851e-15,0.0105248311152469,3.55010341163018e-16,0.00147611656462414,7.06582494603198e-20,0.463348291577952,45.125065171043,1000200,236.01506770251,258.651269477309
"1",25,999624.115591001,204.64698808789,47.0909499986626,109.69696966318,41.3842274743951,54.3933648174729,52.4306704423384,1.20163081679764,0.168529749676294,9.76935623412718,0.0133691512389638,4.57832814303528,0.0792695053779549,-1.69150020402125e-15,0.0111176159195974,2.37495418629976e-16,0.00155925514037682,8.36829652023731e-20,0.518534081858079,49.8995439639168,1000200,251.737938086553,273.636446492262
"1",26,999586.093022268,219.751198527576,48.8647647183931,117.702401898349,41.8986236138512,58.2833379528363,55.0339953026975,1.26874133871958,0.177942057767969,10.3149702334925,0.0141156656074973,4.90859346284658,0.0837097342065191,-7.01677140353226e-16,0.0117403618100357,8.83635930546936e-17,0.00164659578407569,7.33613687475185e-20,0.577582015888041,55.0136142541057,1000200,268.615963245969,289.602721526168
"1",27,999545.427373063,235.856573336504,50.8590778908329,126.301326830516,42.5200430983992,62.4429694753473,57.6727953892817,1.33980263230349,0.187908464963886,10.8927043276706,0.0149058618594874,5.25153081828958,0.0883929130089892,-2.06993257911947e-16,0.0123971816420815,2.99553280387783e-17,0.00173871532722466,2.39119093302346e-20,0.640645501669412,60.4898145011947,1000200,286.715651227337,306.623986898631
"1",28,999501.942194703,253.032959219227,53.0782074247273,135.528302436957,43.2575257414929,66.8939706125828,60.3540388933693,1.41525461350407,0.198490669852908,11.5061350691388,0.0157445910500281,5.60847200194234,0.0933491491965838,-2.15750259278839e-16,0.0130922980059061,2.4293721433691e-17,0.00183620599170633,7.32522007263518e-20,0.707894578001811,66.3525317936244,1000200,306.111166643954,324.77793462989
"1",29,999455.446861383,271.356589197523,55.527945153646,145.42087879038,44.1197884008497,71.6588942788699,63.0852523987644,1.49554932195148,0.20975207137974,12.1589375768413,0.0166368785234726,5.98089388721593,0.0986092394248759,-2.17394638842668e-16,0.013830030158791,2.00531249148669e-17,0.0019396735570482,7.64894017860167e-20,0.779517594001807,72.6281241257288,1000200,326.884534351169,344.146583604776
"1",30,999405.735889604,290.910100193873,58.2155268193719,156.0198878012,45.1153677064739,76.7612912786385,65.8745071678505,1.58115309043742,0.22175807311722,12.854903174288,0.0175879419523265,6.3704149525911,0.104204797691873,1.83284409083454e-17,0.0146148119909925,8.73292212014132e-18,0.00204973988015058,1.2655581377218e-19,0.855722903430371,79.3450199444935,1000200,349.125627013245,364.816871186548
"1",31,999352.588327923,311.782552407791,61.1495978290427,167.369684221974,46.2527551665835,82.2258636195058,68.7304066151825,1.67254879826954,0.234576399301201,13.5979577095085,0.0186031809884873,6.77879159141644,0.110168425072421,3.1565220862656e-16,0.0154512158311378,1.08231614718246e-18,0.00216704623401362,6.08790596927429e-20,0.936740346188133,86.5338075057301,1000200,372.932150236833,386.88118730273
"1",32,999295.766991583,334.069565642802,64.340201164353,179.518375808208,47.5405138822061,88.0786252825398,71.6620856528027,1.77023838572994,0.248277447485498,14.3921819978044,0.0196881852750743,7.20791688425737,0.116533888452504,3.43441599685883e-16,0.0163439775138632,4.87594077741689e-19,0.00229225682349507,1.66171497500203e-20,1.02282276256115,94.227345199761,1000200,398.409766807155,410.437903526308
"1",33,999235.017677322,357.87352295682,67.7987836061154,192.518022615866,48.987367366551,94.3470454637675,74.6792184897757,1.87474518054325,0.262934614831037,15.241830736124,0.0208487826005676,7.65982142174263,0.12333624946302,8.48663463314796e-17,0.0172980144628864,1.88293917692607e-17,0.00242606132147666,-1.53651315637633e-20,1.11424735187894,102.460873767537,1000200,425.672306562936,435.591834671801
"1",34,999170.068014139,383.303889115534,71.5382095492952,206.424917400354,50.6023212946517,101.060250802253,77.7920323889661,1.98661722199026,0.278624764315623,16.1513595283761,0.022091073144771,8.13667514901187,0.130612084558204,-8.05728728652424e-17,0.0183184565571939,3.00865599698892e-17,0.00256917919787327,-3.56220966189393e-20,1.2113175897488,111.272180264337,1000200,454.84209866483,462.454889623064
"1",35,999100.62638839,410.477574630202,75.572792007449,221.299811922166,52.3947469599875,108.249189949594,81.0113289059678,2.10643008049307,0.295428620183178,17.1254478088868,0.0234214678252036,8.64079128189074,0.138399666719185,-2.78968553869581e-17,0.0194106716151194,-4.17317681162789e-18,0.00272236329379668,-3.10399852924305e-20,1.3143648066662,120.701750468162,1000200,486.050366637651,491.146596996994
"1",36,999026.380836191,439.51934115927,79.9183335068153,237.208137413888,54.3744524932945,115.94678856526,84.3485097198557,2.23478957008907,0.313431148370531,18.1690208950331,0.0248467099927697,9.17463149397805,0.146739156732985,5.51797984301597e-17,0.0205802922213879,-3.50323629716195e-17,0.00288640358407151,-1.11622316915439e-20,1.42374971168768,130.792925569989,1000200,519.437674666086,521.794608009762
"1",37,998946.997760203,470.56226521317,84.592173040076,254.220268287358,56.5517664537967,124.188126623092,87.8156061245558,2.37233483511859,0.332721989418,19.287275082265,0.0263739089161229,9.74081195035184,0.155672810496699,3.37321347960705e-17,0.0218332448017035,-1.56727974617229e-17,0.00306213125497096,9.68007211982889e-22,1.53986417228461,141.592083931954,1000200,555.154438253246,554.535285254873
"1",38,998862.120476509,503.748268549589,89.6132420806719,272.411821787225,58.9376279810037,133.010633756974,91.4253135983491,2.51974175776411,0.353395936379686,20.4857053476757,0.0280105818431552,10.3421105207443,0.165245202322546,-2.52914753350789e-17,0.0231757809414745,1.93307791984216e-17,0.00325042309669484,-4.14465582603014e-22,1.66313321018318,153.148846977562,1000200,593.361510630261,589.514361267958
"1",39,998771.367656941,539.228710431089,95.0021327166967,291.863970195765,61.5436700959269,142.454286419341,95.191032484856,2.67772644213418,0.375553423469218,21.7701336758877,0.0297646923685237,10.9814755191161,0.175503458789618,-2.22116643319698e-17,0.0246145101837207,2.48642894618421e-17,0.00345220610330405,-3.79012405674885e-21,1.79401706195374,165.516299726811,1000200,634.230843147786,626.887612948865
"1",40,998674.331685281,577.165032882736,100.78117701593,312.663764290173,64.3822954143559,152.561803927749,99.1269141991316,2.84704871768268,0.399301017417297,23.1467375421357,0.0316446878014444,11.6620358783662,0.186497495526875,1.70704911533216e-17,0.0261564332380908,6.58375429972641e-18,0.00366846213031377,1.21898136764658e-19,1.93301328513383,178.751223471357,1000200,677.946209898666,666.821545674813
"1",41,998570.576898343,617.729455365694,106.974535222533,334.904482673818,67.4667520520352,163.378851681592,103.247911990212,3.0285157753051,0.424751927437317,24.6220794740252,0.0336595404265202,12.3871124937818,0.198280259641278,2.38333018603185e-17,0.0278089759816159,-2.48231905624095e-18,0.00390023266332811,2.0753123306128e-19,2.08065899548753,192.914344997425,1000200,724.703990588227,709.494117608633
"1",42,998459.637685055,661.105721643555,113.608292129097,358.6860161689,70.8112141842114,174.954257871721,107.5698361715,3.22298603113308,0.452026547125847,26.2031384644966,0.0358187910847497,13.1602306586421,0.210907986340103,-1.7215193506302e-20,0.0295800254502083,7.89509004354625e-18,0.00414862386587871,1.09424436382097e-19,2.23753329610849,208.070606353397,1000200,774.714013772652,755.095524888815
"1",43,998341.016439925,707.489903015591,120.710562693215,384.115285841391,74.4308658387153,187.340243585603,112.109414410632,3.43137322199852,0.48125302885498,27.8973432682806,0.0381325942195638,13.9851337106009,0.224440471297577,-1.22804814727413e-17,0.0314779680383146,1.94922623816492e-17,0.00441481193695861,-1.27160882325176e-20,2.40425989568959,224.28945572008,1000200,828.200465708806,803.829045500296
"1",44,998214.181375705,757.091259626138,128.311607830426,411.306691587797,78.3419857368443,200.592664480568,116.884357505935,3.65465070699777,0.512567887070382,29.7126073739656,0.0406117656458941,14.8657979974086,0.238941355825674,-2.29778343372132e-18,0.0335117294943647,1.8453739981421e-17,0.00470004872041832,-2.62553263257044e-20,2.58150989969278,241.645158764175,1000200,885.402867456564,855.911935042233
"1",45,998078.564191715,810.133159801831,136.443960375382,440.382592923313,82.5620336799814,214.771264705779,121.913430652491,3.89385598286063,0.546116631575664,31.6573657143141,0.0432678330813126,15.8064491677271,0.254478425267633,7.15083567167878e-18,0.0356908167707171,1.22257426672361e-17,0.00500566757445633,1.88717620766973e-19,2.7700047847903,260.217131123839,1000200,946.577120177213,911.576377291124
"1",46,997933.557585977,866.854058372933,145.142560952097,471.473826329206,87.1097404438065,229.939945735647,127.216530150118,4.15009545132004,0.582054436160051,33.7406134253662,0.0461130891356248,16.811579764186,0.271123923634988,3.37959491831755e-18,0.0380253621517714,1.26094129118463e-17,0.00533308956062473,3.09504481510983e-19,2.97051958535377,280.090293913486,1000200,1011.99661932503,971.070498824946
"1",47,997778.512598828,927.508537009176,154.444903982368,504.720262215416,92.0052023307938,246.167052412568,132.814765765685,4.42454947476735,0.620546847658362,35.971946949328,0.0491606474074294,17.8859681509475,0.288954886631775,-3.40151971887872e-18,0.0405261699608989,1.85613201297183e-17,0.00568382999451604,1.45066527367817e-19,3.18388631560408,301.355454184763,1000200,1081.95344099154,1034.65945479457
"1",48,997612.735778803,992.368410537453,164.391194481721,540.271402695639,97.2699804253031,263.525677380847,138.730549142975,4.71847774143282,0.661770538422162,38.3616076539254,0.0524245021987361,19.0346988582793,0.308053494342177,-2.94009785262398e-18,0.0432047660251856,2.37101903115467e-17,0.00605950538323585,-3.38579407899954e-20,3.41099764036991,324.109711834199,1000200,1156.75960501917,1102.62658893902
"1",49,997435.486162392,1061.72390286708,175.024516269414,578.287021385878,102.927204550824,282.093984827886,144.98768862203,5.03322495643805,0.705914104494732,40.9205281011223,0.0559195918300989,20.2631844282978,0.328507444955671,1.27136785258564e-18,0.0460734500907041,2.43932397598661e-17,0.0064618407766894,-3.7591949571089e-20,3.6528108064591,348.456894361834,1000200,1236.7484191365,1175.2746705688
"1",50,997245.972057439,1135.88489578908,186.391012036572,618.937847510767,109.00168247715,301.955554930592,151.611490751076,5.37022688127597,0.7531789126533,43.6603811485851,0.0596618657386807,21.5771888289682,0.350410351077767,2.10901612676888e-18,0.0491453514054337,2.32172836202025e-17,0.0068926775631338,2.69430736526003e-19,3.91035185259596,374.508021196994,1000200,1322.27590782565,1252.92721330681
"1",51,997043.347618024,1215.18225426417,198.540075702986,662.406297152273,115.520015171574,323.199750791016,158.62886879363,5.73101675049302,0.803780000354208,46.5936321178294,0.0636683557966801,22.9828525046278,0.373862160388045,-2.08405940782274e-19,0.0524344877169094,2.43042983465882e-17,0.00735398174364864,4.29978368349066e-19,4.1847201198543,402.381799622524,1000200,1413.72232996716,1335.92988163759
"1",52,996826.709198049,1299.96923246226,211.524557630772,708.887254283663,122.510718707801,345.922109620365,166.068458622028,6.11723209509327,0.857947032721176,49.7335942690509,0.0679572521759639,24.4867191505077,0.398969602630989,-1.32621293110642e-18,0.0559558279630691,1.9001821722193e-17,0.00784785272458096,1.95336393612127e-19,4.47709308430674,432.205154458845,1000200,1511.49379009303,1424.65199103341
"1",53,996595.091470529,1390.62296532532,225.400983393226,758.58890402856,130.004353251217,370.224759780298,173.960742452568,6.53062200049548,0.915925320479982,53.0944878089064,0.0725479840144493,26.0957643157646,0.425846664893469,-2.2422657319228e-19,0.0597253589303268,7.0490811221553e-18,0.00837653266639704,-4.98315882050772e-20,4.78873153278312,464.113793722249,1000200,1616.02394871855,1519.4881069423
"1",54,996347.463299449,1487.54605026165,240.229786776543,811.733620764904,138.033659561286,396.216865297839,182.338180892794,6.97305482688966,0.977976902745071,56.6915026576395,0.0774613052133945,27.8174259457456,0.454615097030331,1.61361740311855e-17,0.0637601561399439,-3.75882112328632e-19,0.00894241642555656,-4.98127010615548e-20,5.12098510376387,498.252812585534,1000200,1727.77583703819,1620.85974815506
"1",55,996082.723350133,1591.16822364199,256.075557679584,868.558914035331,146.633703572271,424.01509961589,191.235353780221,7.44652642194294,1.04438169885859,60.5408652190483,0.0827193857199131,29.6596369768735,0.485404949211584,2.5965805546336e-17,0.068078459239481,-8.28805555897099e-20,0.00954806212822823,3.75735180852017e-19,5.47529821778578,534.777338151849,1000200,1847.24378132157,1729.21720070616
"1",56,995799.695423208,1701.94813700381,273.007305603899,929.318435437143,155.842029663711,453.744150474311,200.689110325223,7.95316885808992,1.1154387338028,64.6599094153652,0.0883459086384975,31.6308601045321,0.518355143751498,3.06326550188122e-17,0.0726997522023196,1.89172220927229e-18,0.0101962024183413,9.40661595209731e-19,5.85321642370181,573.853217742866,1000200,1974.95544260771,1845.04144892082
"1",57,995497.123496713,1820.3752379865,291.098739454358,994.283049738963,165.698823203518,485.537257879567,210.738729119311,8.49525972802533,1.19146744190093,69.0671522603685,0.0943661735410281,33.7401248552273,0.553614083474737,4.61791332422958e-17,0.0776448486515309,1.09921412942914e-18,0.010889756424331,8.44367454025507e-19,6.2563931884319,615.657753569855,1000200,2111.47397744086,1968.84623040042
"1",58,995173.666460516,1946.97176109178,310.428564393387,1063.74197355173,176.247082922397,519.536787164062,221.426088612181,9.075232032949,1.27280905365191,73.7823742516179,0.100807206369344,35.9970671046649,0.591340298928201,6.35836022810018e-17,0.0829359826318913,2.09143904687935e-18,0.0116318424899916,6.2649835149019e-19,6.68659715916481,660.380486817383,1000200,2257.40032548516,2101.18022189962
"1",59,994827.89252672,2082.29483334323,331.080796491355,1138.00398502801,187.532803696462,555.894839209857,232.795848693084,9.69568469934529,1.35982807071775,78.826704872726,0.107697876328957,38.4119711915666,0.631703136834653,5.06402969800152e-17,0.0885969051660915,6.84197222029726e-18,0.012425791716567,5.54074671795369e-19,7.14571992875358,708.224034346164,1000200,2413.37562983458,2242.6293633381
"1",60,994458.273299307,2226.93869985861,353.145095904719,1217.39870822171,199.605170347678,594.773900011422,244.895644044176,10.3593937617202,1.45291383431195,84.2227135099203,0.115069020186829,40.9958147846966,0.674883492294658,3.82850684605943e-17,0.0946529869466853,1.08654683782958e-17,0.0132751623653846,7.96055020297685e-19,7.63578433711447,759.404981416197,1000200,2580.08379576333,2393.81932753582
"1",61,994063.177485845,2381.53707425651,376.717119300591,1302.27797585451,212.516763087065,636.347531850322,257.776289971821,11.0693242504196,1.55248219247618,89.9945061009725,0.122953574410788,43.7603166693257,0.721074587355471,3.4584678408898e-17,0.101131327531041,1.16712454717771e-17,0.0141837551725405,8.42974528567085e-19,8.15895334350283,814.15483403428,1000200,2758.2541935571,2555.41814355132
"1",62,993640.86423384,2546.76561866693,401.898892227873,1393.01727430747,226.323775224477,680.801108439322,271.492001463503,11.8286428251701,1.65897727194518,96.1678278469113,0.131386715605421,46.7179876290286,0.77048279867465,4.66942875964117e-17,0.108060871421872,7.66319133183514e-18,0.0151556296292934,3.70060607008197e-19,8.71753950657255,872.721034736429,1000200,2948.6645108948,2728.13898172344
"1",63,993189.476074183,2723.34455787513,428.799202103227,1490.01727471047,241.086243767057,728.332596471937,286.100626258207,12.6407311963634,1.77287336049339,102.770172328158,0.14040600971206,49.8821846083282,0.823328537108424,4.78578046291359e-17,0.115472531430258,2.17879020378044e-18,0.0161951212838332,-4.07130130621362e-20,9.31401511126393,935.368045827816,1000200,3152.14375997836,2912.74310871072
"1",64,992707.031454105,2912.04143178689,457.53401243143,1593.70545404387,256.868293531632,779.153386093784,301.663892756292,13.5092003774687,1.89467690584795,109.830897377794,0.150051570456641,53.2671683509075,0.87984718215201,5.07560524264667e-17,0.123399319731696,1.27426674222139e-21,0.0173068601220052,-5.47125432460145e-20,9.95102298388016,1002.37850432386,1000200,3369.57544421832,3110.04302100806
"1",65,992191.416842202,3113.67398995742,488.226898814299,1704.53781017812,273.738395397314,833.489172891913,318.247673632946,14.4379058133019,2.02492863744143,117.381348075626,0.160366227545503,56.8881647172287,0.940290074257279,4.77845162624108e-17,0.131876487039504,5.80865229771506e-19,0.0184957900864983,8.44411157912223e-20,10.6313880391649,1074.05445306595,1000200,3601.90088877172,3320.90576557144
"1",66,991640.37838839,3329.1132313631,521.009507219962,1823.00067474207,291.769639316713,891.58089407059,335.922266058326,15.4309634301211,2.16420581745142,125.454987236757,0.171395705122579,60.7614298946904,1.0049255681494,9.14287162744592e-17,0.140941670333382,9.07144311884964e-19,0.019767189795902,8.10388016037262e-20,11.3581296057285,1150.71865272237,1000200,3850.12273858306,3546.25645627184
"1",67,991051.513122215,3559.28659189051,556.022034881202,1949.61262762576,311.040022687119,953.685721542154,354.762689466207,16.4927666545497,2.31312462771906,134.087533776827,0.183188811013058,64.9043197228037,1.07404015034943,1.88047488599174e-16,0.150635049592908,5.24184938609568e-18,0.0211266945267134,-2.26852773690007e-20,12.1344745787887,1232.71597962736,1000200,4115.30862677171,3787.08199491415
"1",68,990422.25967373,3805.18128114542,593.413734063257,2084.92651678385,331.632754658801,1020.07811470847,374.849001850121,17.6280044491352,2.47234269925157,143.317109342562,0.195797637288358,69.3353633649666,1.1479396241809,1.7900356178635e-16,0.160999513995725,1.35072985122413e-17,0.0225803195227755,7.11589733119153e-19,12.9638714519125,1320.41491465863,1000200,4398.59501520868,4044.43500549445
"1",69,989749.888502307,4067.8477691182,633.343438783644,2229.53158680506,353.636576925612,1091.05093574069,396.266635600862,18.8416804128854,2.64256179108883,153.184393600694,0.209277772693742,74.0743415670957,1.22695036559528,1.43429853183985e-16,0.172080838048141,1.91806756234546e-17,0.0241344846977439,1.27387257131045e-18,13.850005282279,1414.20912860545,1000200,4701.19120790184,4319.43799021668
"1",70,989031.491620199,4348.40342195692,675.980114375612,2384.05571943601,377.146101500406,1166.91663017874,419.10675393186,20.139132995352,2.82453062534583,163.732788580098,0.223688527482766,79.142369751561,1.31142065319095,1.21080154103399e-16,0.183927868121421,1.41909746270761e-17,0.0257960407969611,1.57466961109523e-18,14.796813646915,1514.51916973346,1000200,5024.38353633254,4613.28771552685
"1",71,988263.971799602,4648.03628456317,721.503429558261,2549.16778888168,402.262165921388,1248.00847566237,443.466628968659,21.5260568726542,3.01904788521831,175.008592460603,0.23909317120151,84.5619862024765,1.40172207581726,6.78471396620712e-17,0.196592719869467,3.68602090012295e-18,0.0275722970854555,1.38971734657712e-18,15.8085036503579,1621.79425950797,1000200,5369.53971412144,4927.25983602625
"1",72,987444.031254639,4968.0090056398,770.104350364775,2725.58013422602,429.092206262215,1334.68190156645,469.450042604594,23.0085255331663,3.22696538264476,187.061183196474,0.255559183958929,90.3572456052009,1.49825102114442,1.60024598563322e-17,0.210130987002012,-1.96594147884173e-17,0.0294710506285604,-2.0317037354509e-18,16.8895700472815,1736.51420269079,1000200,5738.11335600458,5262.71376356073
"1",73,986568.151575687,5309.66605061365,821.986231752823,2914.05291725009,457.750915007937,1427.31676700593,497.167969824799,24.5930302413981,3.4491935230239,199.943335295919,0.273158689726281,96.5538782031925,1.60143123599844,-7.04552097247374e-17,0.224602100373783,-7.20638684914085e-18,0.0315006366544759,-4.37069160079001e-19,18.0448257832313,1859.19261714949,1000200,6131.65228236647,5621.10116504202
"1",74,985632.624870375,5674.42117177084,877.362923327358,3115.38746145829,488.359235900311,1526.3141522889,526.737662610144,26.2864252354669,3.68669361911338,213.710774272089,0.291967847334402,103.179078131595,1.71171026889589,-4.7554618237066e-16,0.240068829046972,1.94909828921682e-17,0.0336698585778535,1.47879682210492e-18,19.2793633283306,1990.37277087971,1000200,6551.7840950982,6003.95345136324
"1",75,984633.444755841,6063.79861956801,936.465003843866,3330.44980194098,521.047917516382,1632.10823121685,558.286140128072,28.0961306391744,3.94050634962194,228.423826334751,0.312069078397088,110.26231344502,1.82957276383584,-4.549884417387e-16,0.256599144756908,9.71389330646418e-18,0.035988249492702,4.6601765668933e-18,20.5987071609127,2130.64381677966,1000200,7000.26362341188,6412.92693664925
"1",76,983566.402781386,6479.39544775114,999.53408157066,3560.14991029674,555.954379775266,1745.15608060108,591.947239237912,30.0299583525867,4.21172734021456,244.146002866559,0.333548982684143,117.834643275073,1.95552926977682,3.53739815381014e-16,0.274264652431641,9.38180257882172e-18,0.038465852051416,9.910162544036e-19,22.0086873572775,2280.6272514338,1000200,7478.9295293218,6849.76349072812
"1",77,982427.012482547,6922.90970031473,1066.82705969785,3805.45820008967,593.225204946666,1865.94606583786,627.864095728791,32.0962553783669,4.50152726515295,260.94516567778,0.356501114891987,125.929294257371,2.09012444443387,1.09220381837967e-16,0.293141740781489,2.91953390366336e-18,0.0411133798359442,9.78523562155538e-19,23.51554888351,2440.98851869615,1000200,7989.73676001258,7316.32231029655
"1",78,981210.502671301,7396.14189907925,1138.61636457885,4067.40698680654,633.01636017175,1994.99884520083,666.189478800685,34.3039210247548,4.81115426002833,278.893666867926,0.381023518359757,134.581739617597,2.23394087395436,4.02088775417152e-17,0.313312118011844,3.81255483881024e-18,0.0439422924919689,1.56449694256271e-18,25.1259683607968,2612.43872512849,1000200,8534.7582636581,7814.58317626848
"1",79,979911.814190855,7900.99534436409,1215.18999379508,4347.09126393106,675.493314535532,2132.86793884971,707.085994888742,36.6624166440553,5.1419352875927,298.06842800045,0.407221325094884,143.829747521293,2.38759725213634,1.49402504477286e-17,0.334862556456977,1.41661436988958e-18,0.0469647599135784,5.81172889741624e-19,26.8470649001775,2795.73572053407,1000200,9116.18533815917,8346.64826098352
"1",80,978525.572443644,8439.48524276622,1296.85290057927,4645.67475229957,720.831953987362,2280.14302867449,750.727099371852,39.1818220561663,5.49528405120691,318.551398830621,0.435208198601764,153.713617288432,2.55175129327272,5.54353177566323e-18,0.357885301108944,1.55756152891302e-18,0.0501937195397949,1.08276003903539e-18,28.6864466536413,2991.68897128591,1000200,9736.33814334549,8914.7541647583
"1",81,977046.072275331,9013.74301933213,1383.92765100096,4964.39320931081,769.219083288037,2437.45194639169,797.297737578289,41.8728695602397,5.87270576500511,340.429833823087,0.465100445203376,164.276330006521,2.72710827549141,2.04101293061219e-18,0.382479267828328,1.59911043885827e-17,0.0536430444046572,1.47190799049115e-19,30.6522418424059,3201.16276573819,1000200,10397.6706703331,9521.27881616888
"1",82,975467.273789481,9626.01605505211,1476.75438968095,5304.55545692588,820.852583289324,2605.46158281912,846.994678666633,44.7469595040279,6.27579933750904,363.796418731934,0.497027201212508,175.563628038475,2.91441210837699,7.62130098998983e-19,0.408748790570548,-7.9588347206018e-18,0.0573273674346378,2.16950728735947e-19,32.7531171724594,3425.07802583402,1000200,11102.7704447331,10168.7441345141
"1",83,973782.771875139,10278.6774356387,1575.69232070943,5667.55005259012,875.942420656377,2784.88163242932,900.027686053041,47.8162243094113,6.70626635126293,388.749791133425,0.531122061391103,187.624288767984,3.11445866707789,-4.57267283523036e-16,0.436805491505791,-1.14399407460286e-17,0.0612623437345639,1.28567696085843e-18,34.9983326728636,3664.41802498648,1000200,11854.3697563482,10859.8294843523
"1",84,971985.805903454,10974.220891719,1681.11894604812,6054.84331564762,934.710349711267,2976.46387211916,956.619356778678,51.0935161424144,7.16590933354273,415.394440182231,0.567528829866003,200.510088347832,3.32808914330847,-6.40874494213023e-16,0.466767348491376,-3.35026440454637e-18,0.0654645197998175,2.30503280675764e-18,37.3977374507938,3920.22782322511,1000200,12655.3398377671,11597.3683770926
"1",85,970069.231273292,11715.2686371269,1793.431260212,6467.98570568038,997.39088031306,3181.00596979382,1017.00634292661,54.5924720548139,7.65664089252235,443.841236217997,0.606398679695971,214.27608835837,3.55619796550077,5.60960638746958e-16,0.498759805879797,5.7545759094798e-19,0.069951489308115,2.33601988994637e-18,39.961828725634,4193.62035646686,1000200,13508.6998973389,12384.3617349173
"1",86,968025.475501309,12504.5843170506,1913.04772224363,6908.62138961577,1064.23272970604,3399.35716227899,1081.44116922147,58.3276110977351,8.18049733753866,474.208220306788,0.647892922645965,228.981062319811,3.7997375993896,3.1830458840039e-16,0.532916447804918,5.21360528607014e-19,0.0747419875484674,2.01850520739404e-18,42.7018396684009,4485.78548888816,1000200,14417.6320392942,13223.9977348068
"1",87,965846.530419317,13345.0728035962,2040.40823433842,7378.49017640848,1135.49911794722,3632.4198598257,1150.19282089716,62.3143617683219,8.73964252851036,506.62082738473,0.692183170541014,244.687635078595,4.05972059217474,-1.591424277941e-16,0.569379284877416,-2.55111146393541e-19,0.0798559316304697,1.30328132831717e-18,45.6297714321581,4797.99319049959,1000200,15385.4810379346,14119.6566250093
"1",88,963523.965890956,14239.772636987,2175.97300646827,7879.42459249677,1211.46732739225,3881.14872662542,1223.54657845575,66.5690462900129,9.33636567123328,541.21175845539,0.739450879278129,261.462246527864,4.33721891889182,-2.46989918751425e-16,0.608298662512767,2.98513329110251e-18,0.0853144076272177,5.00865280097583e-19,48.7583914923496,5131.59314931395,1000200,16415.7456434553,15074.906092794
"1",89,961048.903030029,15191.8616714353,2320.22342552527,8413.35587447517,1292.4296146059,4146.55467507955,1301.80537009224,71.1089489361295,9.97309089982204,578.121536066094,0.789888577809082,279.375470280147,4.63336814310889,-5.54768894047131e-17,0.649833844472514,3.24488667767027e-17,0.0911397524174676,7.26069827904255e-20,52.101302671413,5488.02175958669,1000200,17512.0850969606,16093.5144690129
"1",90,958411.994963435,16204.6595225933,2473.66244045026,8982.31845891996,1378.69389494966,4429.70811855308,1385.29090878671,75.9523716730876,10.6523850807181,617.498956691769,0.843699544830683,298.5022821719,4.94937216095465,5.9909118017118e-17,0.694153678218268,2.88315195828057e-17,0.0973556470021062,-2.20164155719136e-17,55.6730028345076,5868.80811282952,1000200,18678.3219630436,17179.4610763717
"1",91,955603.412492319,17281.6274872985,2636.81456798821,9588.45333020988,1470.58425544606,4731.74185665543,1474.34476160103,81.1186835232074,11.376964735866,659.501492058597,0.90109923658138,318.922313736277,5.28650574862568,4.1658662412308e-17,0.741436952201773,1.10116783586399e-17,0.103987166614388,-2.36763698336216e-16,59.4889438246833,6275.5798215005,1000200,19918.4420552867,18336.9447572029
"1",92,952612.834609797,18426.3661814119,2810.2255546415,10234.0103114964,1568.441308395,5053.85353647663,1569.32931676429,86.6283626787976,12.1497019492498,704.295631534939,0.96231551728167,340.720082247834,5.64611777194445,-7.96769515623381e-18,0.791872846008168,-6.09300337342176e-19,0.111060843852914,-4.07247797276801e-16,63.5655871170729,6710.0684485113,1000200,21236.5917360534,19570.3905670604
"1",93,949429.440724558,19642.6120457895,2994.461868999,10921.3499872234,1672.62249003075,5397.30804025927,1670.62875294059,92.5030373619096,12.9736300975084,752.057214324467,1.02758900865788,363.985221651855,6.02963420079725,-1.7289557459121e-17,0.845661353133478,2.11250835171023e-18,0.118604727976532,-4.6895716636169e-16,67.9204608843493,7174.11503659036,1000200,22637.0739147885,20884.4559628984
"1",94,946041.90436103,20934.232554917,3190.10999977726,11652.945351673,1783.50231870994,5763.4398829663,1778.6500421372,98.76552685795,13.8519496049348,802.971763072762,1.09717361027697,388.812721792311,6.43856099130292,1.08030603280605e-17,0.90301368521124,4.63810443170912e-17,0.126648441597472,-4.31676322993298e-16,72.5722202371738,7669.67591049727,1000200,24124.3425546943,22284.0367304247
"1",95,942438.387707681,22305.2184577913,3397.77531213079,12431.3834551328,1901.4726557643,6153.65614525738,1893.82421273013,105.439891717556,14.7880349843323,857.234892012651,1.17133708238794,415.303230045713,6.87448769610455,-2.14126832454414e-16,0.964152778359017,4.17004316700596e-17,0.135223251696875,-2.18088062982598e-16,77.5407244895602,8198.8300794547,1000200,25702.9937699221,23774.2738547272
"1",96,938606.540415342,23759.6749292267,3618.08074020145,13259.3657913622,2026.94277642233,6569.43881946837,2016.60745624448,112.551473924107,15.7854404705418,915.052633529325,1.25036151090926,443.563316565027,7.33909043494768,-2.64078296977812e-15,1.02931370980452,-9.13786617033174e-17,0.144362128056962,1.01557277140085e-16,82.8471085004926,8763.78597095997,1000200,27377.7556694282,25360.5580694973
"1",97,934533.503958255,25301.8105168004,3851.66514563696,14139.7075089721,2160.33926296026,7012.34655847263,2147.48206541504,120.126926852447,16.847904222179,976.64168172721,1.33454360779178,473.705700006661,7.83413425039236,-4.03233206104656e-17,1.09874402827624,-1.21697337082992e-16,0.154099789598605,2.47758376153979e-16,88.5138470287445,9366.88740197588,1000200,29153.4756624373,27048.5321522363
"1",98,930205.920298838,26935.922417491,4099.18112511917,15075.3359330038,2302.10579562549,7484.016417117,2286.95744494338,128.194245110525,17.9793525069494,1042.22963504492,1.42419505200707,505.849491125337,8.36147547324057,2.64152763472963e-15,1.17270408575666,-2.18107633552268e-17,0.164472750909999,1.23952703604202e-16,94.5648264158488,10010.6201702977,1000200,31035.1035426101,28844.0925095294
"1",99,925609.944841129,28666.377892923,4361.2922397818,16069.2882266125,2452.70281624147,7986.16565186605,2435.57123855796,136.782795389392,19.1839040283868,1112.05524706823,1.51964289346468,540.12046471613,8.92306418232029,1.47832131093634e-15,1.25146738246909,3.97011523583454e-17,0.175519370631355,-1.92530528543734e-17,101.025426852571,10697.6195610057,1000200,33027.6701327048,30753.3899873736
"1",100,920731.265192277,30497.5923394767,4638.66974289739,17124.7075929418,2612.60697303333,8520.59316133932,2593.8904285305,145.923341183334,20.4658733928735,1186.36862750678,1.62122981702661,576.651325855492,9.52094639708007,-8.98213759295675e-16,1.33532087439093,8.94453098157772e-18,0.187279894583905,9.22837883301008e-18,107.922607782148,11430.6780168018,1000200,35136.2620823741,32782.8285536005
"1",101,915555.127220158,32434.0037748001,4931.98876835498,18244.8377094437,2782.31029972256,9089.18030830724,2762.51232086486,155.648056942643,21.8297730945782,1265.43135725726,1.72931426256936,615.581949903984,10.1572656577111,-7.21738143353781e-16,1.42456519486713,1.01345529402829e-16,0.199796486851375,1.1851156582274e-16,115.284992077267,12212.752527472,1000200,37365.9925431551,34939.0610897994
"1",102,910066.369250516,34480.0428214572,5241.92384112402,19433.0153865485,2962.31912800611,9693.89115045097,2942.06543896294,165.990532127627,23.2803140840344,1349.51652136282,1.84427054167632,657.059601603492,10.8342638954321,7.82022373305776e-16,1.51951477666836,1.45226537932749e-16,0.213113246898755,1.34505376267206e-16,123.142950830241,13046.9719004663,1000200,39721.9666625812,37228.9823436882
"1",103,904249.464989705,36640.0974599403,5569.1436004528,20692.6613546866,3153.15271937939,10336.7721344853,3133.21036253145,176.985766100029,24.8224050516574,1438.90866747991,1.96648883124635,701.239141793006,11.5542817947495,7.00418111509602e-16,1.62049790279839,4.68490580834678e-17,0.227276216698063,7.53792229367961e-17,131.528691547164,13936.644162103,1000200,42209.2410603931,39659.7190403386
"1",104,898088.575979887,38918.4722979282,5914.30469776712,22027.2688638526,3355.34156870205,11019.9511611995,3336.64049650259,188.670152272593,26.461150204708,1533.90367701295,2.09637492225675,748.283217975928,12.319758656608,-4.77146787494256e-16,1.72785668730078,-2.12876924231572e-16,0.242333378036483,6.14669254546781e-17,140.476349781849,14885.2640632696,1000200,44832.7769956954,42238.6166626452
"1",105,891567.614678015,41319.3421782244,6278.04484196745,23440.3897348296,3569.42532487183,11745.6358392338,3553.08272245027,201.081448402179,28.2018451008758,1634.80852359495,2.23434991503538,798.362427408281,13.1332313393732,-5.80142841250286e-16,1.8419469267308,-3.94169538555092e-16,0.258334631685163,1.220481042543e-16,150.02208250609,15896.520490584,1000200,47597.3870201918,44973.2222158068
"1",106,884670.319322346,43846.6997126078,6660.97492903579,24935.6175934059,3795.95028794946,12516.1107707606,3783.29789434185,214.258730345391,30.0499701624665,1741.940897117,2.38084984471485,851.655443516771,13.9973320915005,2.781608340617e-16,1.96313779618536,-3.96350411875853e-16,0.275331754767159,1.77467898027876e-16,160.204162033378,16974.3036348917,1000200,50507.6746416436,47871.2624374441
"1",107,877380.341651159,46504.2962195431,7063.67017641631,26516.5680633068,4035.4664488665,13333.7337595311,4028.08115807165,228.242327404807,32.011181608656,1855.62867808787,2.53632491487946,908.349100384044,14.9147854529536,4.65341809497871e-16,2.0918114147244,-1.88748478519563e-16,0.293378339807412,1.70496869162559e-16,171.063070310677,18122.7118651883,1000200,53567.9663959594,50940.6170421763
"1",108,869681.348413629,49295.5756932126,7486.66020519192,28186.8556492798,4288.52403111644,14200.9308302063,4288.26207460337,243.073737367603,34.091299539584,1976.20924689108,2.70123846485669,968.638429940779,15.8884039548125,-1.50593305150765e-16,2.22836224223711,-2.4506341302262e-17,0.312529710142718,1.39901186228931e-16,182.641593488171,19346.0582611629,1000200,56782.2358984045,54189.2865374098
"1",109,861557.13748143,52223.6016717873,7930.41804899838,29950.0670070314,4555.66948846106,15120.1899166675,4564.70451592581,258.795518804173,36.2962928311441,2104.02860816401,2.87606596421714,1032.72664395745,16.9210821420624,-4.33400261206137e-16,2.37319624113305,-5.36707225919055e-18,0.332842802348192,-3.13721273090895e-17,194.984916141607,20648.876702652,1000200,60154.0197207856,57625.3540578068
"1",110,852991.769938962,55290.9765789438,8395.34802516866,31809.7302334249,4837.44090301884,16094.0530164608,4858.30628696639,275.451157159007,38.6322603541139,2239.44030210575,3.06129354889987,1100.82504891934,18.0157891434748,-1.28628959653897e-16,2.52672983426158,-3.66726176007104e-17,0.354376020084578,-1.89859903339999e-16,208.140713936505,22035.9273460347,1000200,63686.3246041125,61256.9405019581
"1",111,843969.718054592,58499.754038604,8881.7725401196,33769.2800214752,5134.36275996789,17125.1066893608,5169.99844370081,293.084902547451,41.1054082250131,2382.80408575164,3.25741612595322,1173.15288600697,19.1755595946847,1.63976261030456e-16,2.68938863186571,-2.51513944123828e-17,0.377189055552431,-2.40826626174576e-16,222.159243885466,23512.2013723558,1000200,67381.5265787236,65092.1526131618
"1",112,834476.030176645,61851.3439338525,9389.91779356654,35832.0183946652,5446.9400552744,18215.9707065682,5500.74426209975,311.74157595024,43.7220226247201,2534.48435731903,3.46493532181907,1249.93708409667,20.4034823789228,8.90581528040334e-17,2.8616058524601,9.96318482711287e-18,0.40134266801892,-2.36360406002338e-16,237.093431062457,25082.9248400552,1000200,71241.2617274191,69139.02339392
"1",113,824496.512861282,65346.4105030147,9919.89842363028,38001.0708161851,5775.65170500982,19369.2846841173,5851.53781693232,331.466340959817,46.4884377856984,2694.84830048632,3.68435700412514,1331.41191454511,21.7026872286818,-8.88493627921586e-17,3.04382044370338,1.67934242412122e-17,0.426898420268548,-2.75465197021624e-16,252.99895063742,26753.5614823182,1000200,75266.308926645,73405.4443730256
"1",114,814017.93024291,68984.7640180284,10471.7011725889,40279.3375045685,6120.94323010832,20587.6925290929,6223.40212592614,352.304438146743,49.4109987366584,2864.26372477027,3.91618832673294,1417.81853541306,23.0763290029956,-8.18813890010037e-17,3.23647487727305,5.48096605161578e-17,0.453918369332481,-3.37148894652228e-16,269.934303864916,28529.8142652701,1000200,79456.4651906173,77899.0892750893
"1",115,803028.220222015,72765.2469016821,11045.1676994682,42669.4398646235,6483.21870194933,21873.8245333586,6617.38681361077,374.300879218318,52.4960184080423,3043.09657901072,4.16093436410236,1509.4044122097,24.5275693409329,3.07627188072194e-17,3.44001257575227,6.77632336074593e-16,0.482464705607218,-3.5673139831636e-16,287.960886481508,30417.6255069787,1000200,83810.4146011503,82627.3287367531
"1",116,791516.726671905,76685.6153879763,11639.9767028026,45173.6620261236,6862.83194657399,23230.2769570333,7034.56524838123,397.500098269541,55.7497287196734,3231.70811601253,4.41909428756839,1606.42260163922,26.0595555086393,5.74198652593813e-17,3.65487494590951,6.69173947629693e-16,0.512599336769521,-3.54830305631124e-16,307.143047812017,32423.1753426737,1000200,88325.5920907789,87597.1358170407
"1",117,779474.446413599,80742.4181252887,12255.6255612739,47793.887577682,7260.07701948016,24659.5889579664,7476.03110659433,421.945557665447,59.1782253054161,3430.45168833696,4.69115701396111,1709.13088441703,27.6753962918664,-3.28291279945086e-18,3.88149799760498,2.02473637700379e-16,0.544383413575158,-3.94124490833654e-16,327.548138738524,34552.8783089369,1000200,92998.0436865626,92814.9821744616
"1",118,766894.28912497,84930.8735014201,12891.4117568816,50531.5316983634,7675.17798012524,26164.2167452835,7942.89431890197,447.679306465903,62.7874055818769,3639.66915825937,4.97759632332617,1817.79073305936,29.3781347422203,-3.5448618449931e-17,4.12030852142884,-1.00416416770306e-16,0.577876793769383,-4.55563739408572e-16,349.246546524767,36813.3778077836,1000200,97822.2852583018,98286.7249423639
"1",119,753771.347675961,89244.747893358,13546.4144089375,53387.4690297055,8108.27801621931,27746.5048642423,8436.27635653908,474.741489801557,66.5828999379607,3859.68690895575,5.27886544050236,1932.66610064493,31.1707176184305,-7.38842244579334e-18,4.37171980281295,-2.76474641347975e-17,0.613137440987449,-4.97166956471998e-16,372.311714316881,39211.5382010791,1000200,102791.162302296,104017.484531487
"1",120,740103.175665207,93676.2374701115,14219.4763112042,56361.9577943248,8559.42799236365,29408.6545563985,8957.30481912086,503.169808236926,70.569995910082,4090.8114490807,5.59539105457126,2054.02201692581,33.0559614244881,1.941187295728e-17,4.63612685885067,1.0288809792587e-16,0.650220756714519,-5.11253150242042e-16,396.820142978736,41754.4342780445,1000200,107895.713781316,110011.513823416
"1",121,725890.068186185,98215.8565954679,14909.1869276436,59454.5608502615,9028.57452500325,31152.6891847366,9507.10729096427,532.99892693588,74.7535553171188,4333.32460923479,5.92756677072016,2182.12297889385,35.0365149770237,9.57168413201632e-18,4.9139011883397,6.05175117165838e-17,0.689178843974668,-5.17206780029641e-16,422.851372776423,44449.3378348007,1000200,113125.043523111,116272.059488118
"1",122,711135.341069726,102852.3362923,15613.8668649798,62664.064570366,9515.54771568859,32980.4167691402,10086.8044402562,564.259835396014,79.1379244626107,4587.47833655295,6.27574600894792,2317.23112406779,37.1148184787559,-9.19030307911871e-18,5.20538503179814,-4.20292070028825e-17,0.730059702293241,-4.98254946090747e-16,450.487942300282,47303.7011055428,1000200,118466.20315728,122801.216461939
"1",123,695845.603048901,107572.536628506,16331.5544007283,65988.3966521747,10020.0487071179,34893.3897437467,10697.5023446743,596.979159648261,83.7268376701666,4853.48910283139,6.64023436774527,2459.60417642251,39.2930591493373,-8.21052441547799e-18,5.51088514865279,-4.72986457959381e-17,0.772906354942182,-5.07391828907849e-16,479.815321905899,50325.1367906529,1000200,123904.091029235,129599.776958654
"1",124,680031.014508202,112361.377237263,17059.9946990974,69424.5441930394,10541.6372609399,36892.8621242627,11340.2840384269,631.178430125046,88.5233146013462,5131.53195223614,7.02128148338727,2609.49315708877,41.5731235444394,3.36913139263936e-18,5.83066612994988,1.25598669611286e-17,0.817755911042002,-5.19478582702805e-16,510.92181887621,53521.3944387738,1000200,129421.371936361,136667.075752204
"1",125,663705.525754849,117201.790458343,17796.6323893633,72968.4736017809,11079.7195919527,38979.7443600056,12016.2002892217,666.873309880922,93.5295520129457,5421.73422667416,7.41907243654142,2767.1398547599,43.9565467788717,5.84214361521625e-18,6.1649432768543,3.17134833650259e-17,0.864638566765199,-4.66987482151784e-16,543.898451465349,56900.3329586329,1000200,134998.422847706,144000.833858725
"1",126,646887.087128395,122074.701753993,18538.6082076311,76615.0541534476,11633.5367288823,41154.5562418353,12726.2596294501,704.072789496408,98.7468108415714,5724.16902029599,7.83371877553938,2932.77405420092,46.4444589719997,-4.87656222357523e-19,6.51387508957351,8.36327044653813e-19,0.913576551901417,-3.86701234575505e-16,578.838788989528,60469.8890631539,1000200,140613.309961624,151597.003147226
"1",127,629597.822789237,126959.042084177,19282.7604091149,80357.9872182297,12202.1537059475,43417.3783421722,13471.4176838496,742.778356790171,104.175299755064,6038.84842918838,8.26524924346772,3106.61052540386,49.0375293493617,-3.65283237833927e-18,6.87755542756157,2.17607815697596e-16,0.964583030319354,-3.62392056728881e-16,615.838755188441,64238.041483896,1000200,146241.802493292,159449.61481058
"1",128,611864.159795983,131831.796749681,20025.6316333715,84189.7433970488,12784.449920079,45767.8025750925,14252.5658559132,782.983151375134,109.814056578269,6365.71667784662,8.71360031840722,3288.84578079311,51.7359085572054,-6.71752645608943e-19,7.25600541908354,3.96371839493475e-15,1.01766096527626,-3.40321446241431e-16,654.996392200317,68212.7708387785,1000200,151857.428383053,167550.635015045
"1",129,593716.904354178,136668.094626624,20763.4818192461,88101.5099536823,13379.1110128296,48204.8825801579,15070.5194570518,824.671116070917,115.660829277905,6704.64322008876,9.17860669896154,3479.65461345021,54.5391698775561,2.0256927965383e-18,7.64916521657855,1.61080175189273e-14,1.07280196310053,-1.86539347746026e-16,696.411582683461,72402.0150909042,1000200,157431.57644587,175889.831389308
"1",130,575191.255100103,141441.343102623,21492.3079750061,92083.1510996776,13984.6226616006,50727.0847513675,15926.0053857804,867.816159197732,121.71195847357,7055.41592843685,9.65999188906171,3679.18643557089,57.4462501689028,9.40848208303205e-19,8.05688571354052,1.44773080845676e-14,1.12998511147718,-3.48270429088302e-17,740.185727885247,76813.6206013964,1000200,162933.651077629,184454.654371994
"1",131,556326.748819449,146123.408966011,22207.8708550772,96123.1837187871,14599.2666701681,53332.2408481539,16819.6494884553,912.381343752396,127.962263718979,7417.734502052,10.1573590581567,3887.56144323496,60.4553914966456,-9.73062699924691e-19,8.47892035813844,6.2641102710579e-16,1.18917583130106,-1.18640930693625e-18,786.421379813172,81455.2888545845,1000200,168331.279821088,193230.137637381
"1",132,537167.130460043,150684.848420968,22905.7290325826,100208.771064961,15221.1197414789,56017.5032319111,17751.9637574108,958.318121290216,134.404936053246,7791.20423813183,10.6701823740271,4104.86664096407,63.5640845532671,-8.24808392284812e-19,8.91491721784705,-1.70121586400902e-14,1.25032476373453,-1.51759481288162e-16,835.221826107394,86334.5190191901,1000200,173590.57745355,202198.821914575
"1",133,517760.142164231,155095.186799722,23581.280469223,104325.736871071,15848.0553021008,58779.3038638941,18723.3335459349,1005.56562991726,141.031439543697,8175.33032453053,11.1977990235252,4331.15176731353,66.7690150948875,3.6882204296916e-19,9.36441146712792,-3.39135509583047e-14,1.31336671659832,-2.75962787616404e-16,886.690626753609,91458.5466034644,1000200,178676.467268945,211340.706543329
"1",134,498157.227857047,159323.246955093,24229.8114474051,108458.602125824,16477.7487217464,61613.3182751552,19734.0050017975,1054.05007707962,147.831424721543,8569.51282178553,11.7394021512175,4566.42517070711,70.0660147317174,5.95031921456715e-19,9.82681848574834,-5.3011344425996e-14,1.37821969640483,-1.63181286558067e-16,940.931102410479,96834.2785641641,1000200,183553.058402498,220633.233020968
"1",135,478413.15243606,163337.523282155,24846.5524256407,112590.646454935,17107.6862241081,64514.4357713793,20784.0729411171,1103.68422873238,154.792656937381,8973.04251001938,12.2940349567085,4810.64969266927,73.4500174997002,-6.51209843487588e-20,10.301427767917,-7.66984737178303e-14,1.44478405410921,-4.91476241303901e-18,998.04577485526,102468.225337114,1000200,188184.075707795,230051.304514855
"1",136,458585.536982488,167106.596577502,25426.7401175782,116703.995576969,17735.1777164288,67476.7371569441,21873.469400917,1154.36702684247,161.900962715648,9385.09777920704,12.8605861965738,5063.73862329131,76.9150237037279,-3.76129878809877e-19,10.7873978512641,-1.02963196953005e-13,1.5129417738945,2.79044659682124e-17,1058.13576087009,108366.430368724,1000200,192533.33669508,239567.344829512
"1",137,438734.314000623,170599.583168673,25965.6848282139,120779.735731808,18357.3736803086,70493.4812456521,23001.9531204285,1205.98335689689,169.140197147455,9804.74273899912,13.4377873346575,5325.55180088276,80.4540725506263,-6.01809034370378e-20,11.2837524785942,-1.29054639741557e-13,1.58255593485413,-8.16765498051142e-18,1121.30012179092,114534.397840278,1000200,196565.267996887,249151.399659458
"1",138,418921.109623958,173786.609809652,26458.8417891381,124798.055320712,18971.2861682138,73557.1013661088,24169.1002070641,1258.4039860777,176.492235219563,10230.9267160788,14.0242115742719,5595.89193396201,84.0592250735679,2.10959219027793e-19,11.7893782030205,-1.54646435676617e-13,1.65347037511004,1.28571874192279e-16,1187.63517190866,120977.019386682,1000200,200245.45159879,258771.282145011
"1",139,399208.562794331,176639.303932192,26901.884946623,128738.413247047,19573.8138382742,76659.2129656157,25374.2962422663,1311.48569099227,183.936989728676,10662.4852926201,14.6182749871964,5874.50122867783,87.7215587831778,9.20838470107206e-20,12.3030236377777,-1.80388757483346e-13,1.72550958659821,1.44775038914004e-16,1257.23374992951,127698.500714709,1000200,203541.188878815,268392.76377021
"1",140,379659.594329577,179131.28722589,27290.7814106055,132579.732610724,20161.7708349041,79790.6332656807,26616.7300743825,1365.07159127847,191.452458069842,11098.1430185241,15.2182399268483,6161.05840809092,91.431175361912,-1.0289595529936e-19,12.8233005353653,-2.05607373193121e-13,1.7984788664195,-1.1069079550295e-16,1330.18445874786,134702.289118836,1000200,206422.068636495,277979.810501582
"1",141,360336.641361492,181238.659325181,27621.8645890456,136300.617520484,20731.9191894868,82941.4137231904,27895.3895295971,1418.99170200876,199.014799711605,11536.5179025102,15.8222208762108,6455.17621115946,95.1772225450947,-8.27517140883557e-20,13.3486868563818,-2.28586596534472e-13,1.87216474724622,-2.08013879120504e-16,1406.5708798341,141991.002971276,1000200,208860.523914226,287494.862799025
"1",142,341300.874750757,182940.457650067,27891.9039171094,139879.589894226,21281.0042809165,86100.8858049681,29209.0592473859,1473.06371361501,206.598445581124,11976.1277529675,16.4281928352057,6756.39945846191,98.9479311021258,4.01823832340931e-20,13.8775319561707,-2.48053466639752e-13,1.94633572475366,-2.59287757003552e-16,1486.47076956359,149566.364322766,1000200,210832.361567176,296899.156790957
"1",143,322611.418657361,184219.079232022,28098.1690521975,143295.342261386,21805.792766599,89257.7202946977,30556.3208140649,1527.094003127,214.176239891244,12415.3983994065,17.0340022979995,7064.20376839376,102.730667545654,6.05393920781329e-20,14.4080639773268,-2.63430904442613e-13,2.0207432944255,-1.41644584023582e-16,1569.95524577955,157429.135787961,1000200,212317.248284219,306153.082549864
"1",144,304324.592322145,185060.650738169,28238.4864563951,146527.001800111,22303.1122760989,92400.0000277732,31935.5553273414,1580.87887499568,221.719614167011,12852.6737804527,17.6373808096764,7377.99500161435,106.512002860459,-8.22861600445974e-21,14.9383994889814,-2.74063353125913e-13,2.09512330347169,-2.9526639245946e-17,1657.08797375883,165579.062900517,1000200,213299.137194565,315216.574083364
"1",145,286493.194176782,185455.333942979,28311.2864363618,149554.400174756,22769.8920578883,95515.3056010588,33344.9484772422,1634.20602381892,229.198792394216,13286.2278359262,18.2359610255493,7697.10950281722,110.2777971665,-3.86918714970803e-20,15.4665553608664,-2.78929983661865e-13,2.1691976161762,-3.92156666107229e-18,1747.92436150123,174014.823105307,1000200,213766.620379341,324049.524426927
"1",146,269165.847586468,185397.555584341,28315.6389576159,152358.343229103,23203.2036910872,98590.813242036,34782.4981755931,1686.85620509437,236.583025343908,13714.2780901981,18.8272951272163,8020.81519748409,114.013299822934,-5.26800783643077e-21,15.9904628029887,-2.6784142828131e-13,2.24267608297329,-2.12448056532509e-17,1842.5107748579,182733.982506943,1000200,213713.194541957,332612.218151068
"1",147,252386.425844345,184886.15282218,28251.276889306,154920.874276779,23600.3009247272,101613.403658581,36246.0247089846,1738.60509391674,243.840851256281,14135.0007635507,19.4088753797711,8348.31358729919,117.703264054552,2.1945025838843e-20,16.5079834420867,-1.54913983822413e-13,2.31525879518431,-1.82254255285114e-17,1940.88378342245,191732.961413983,1000200,213137.429711486,340865.772740474
"1",148,236193.571627691,183924.428257687,28118.6057041369,157225.524639539,23958.6576897791,104569.780341461,37733.1833308,1789.22530556736,250.940379230086,14546.5471997347,19.9781565471444,8678.7426716084,121.332074754207,8.98048075349315e-21,17.0169272460291,-1.33927458172773e-13,2.38663859892995,3.22976467193081e-18,2043.06944830396,201007.009607316,1000200,212043.033961824,348772.579714268
"1",149,220620.321873874,182520.11240737,27918.6993622709,159257.545258786,24276.0033541934,107446.595472664,39241.4791487424,1838.4885464884,257.849590898601,14947.0613535642,20.5325798204547,9011.18080409476,124.883887701956,-1.08620209272265e-20,17.5150720494193,-9.80446082812326e-14,2.45650383361295,1.07989530868606e-17,2149.0826628632,210550.192120787,1000200,210438.811769641,356296.736109252
