"time","Sg","Lg","Lq","Iag","Iaq","Ismg","Ismq","Issq","R","D","Hg","AGG_TOTAL_PEOPLE","AGG_L_rowSums","AGG_I_rowSums","AGG_S_rowSums","AGG_R_rowSums","AGG_D_rowSums","AGG_H_rowSums","trans_rate","frac_contact_trace","Cgg","Cgq","t_latency","f_symp","t_Ia_R","f_mild","f_mild_iso","t_presymp","t_diag","t_mild_symptomatic","f_severe_death","t_severe_recovery","t_severe_Death","t_severe_Hosp","Hg_cap","f_Hg_saved","t_Hg","max_time_steps","CHANGE_Sg_in","CHANGE_D_in","CHANGE_Lg_in","CHANGE_Lq_in","CHANGE_Iag_in","CHANGE_Iaq_in","CHANGE_Ismg_in","CHANGE_Ismq_in","CHANGE_Issq_in","CHANGE_Hg_in","CHANGE_R_in"
1,1e+06,100,0,0,0,0,0,0,0,0,0,1000100,100,0,1e+06,0,0,0,7.73148148148149e-07,0.9,5,0.2,3.7,0.935,15,0.86,0.85,2.5,12.5,12.5,0.124,12.5,12.5,1,10000,0.8,12.5,150,0,0,0,0,27.027027027027,0,0,0,0,0,0
2,999952.522230562,80.6562155275276,39.0500562508248,23.2781386500158,3.61775708853288,0.102862997854503,0.582890321175519,0.0826147783379137,0.0778597353734397,0.000354605362862629,0.0290194828995318,1000100,119.706271778352,27.6642638359167,999952.522230562,0.0778597353734397,0.000354605362862629,0.0290194828995318,7.73148148148149e-07,0.9,5,0.2,3.7,0.935,15,0.86,0.85,2.5,12.5,12.5,0.124,12.5,12.5,1,10000,0.8,12.5,150,0,0.00104983721740279,9.10428871568046,81.9385984411242,21.798977169602,10.5540692569797,0.21626989763367,1.22552941992413,0.234711516811735,0.0826147783379137,0.179290050737706
3,999822.861021427,73.0656353399692,133.400713287804,41.6523872942159,25.1378807253636,0.445533304383746,2.52468872484123,0.287601715496432,0.425762206126935,0.00285317402132387,0.195922800889029,1000100,206.466348627773,70.0480917643009,999822.861021427,0.425762206126935,0.00285317402132387,0.195922800889029,7.73148148148149e-07,0.9,5,0.2,3.7,0.935,15,0.86,0.85,2.5,12.5,12.5,0.124,12.5,12.5,1,10000,0.8,12.5,150,0,0.00440785236557994,16.7031978257801,150.328780432021,19.7474690108025,36.0542468345417,0.537060545145439,3.04334308915749,0.582856405584197,0.287601715496432,0.561316366034766
4,999618.972503398,73.7738943908354,263.917283600164,58.0060889932421,74.9619975840164,1.16650257622162,6.61018126525584,0.648197824782359,1.3152239433937,0.0103524608255013,0.617773963365135,1000100,337.691177991,141.392968243518,999618.972503398,1.3152239433937,0.0103524608255013,0.617773963365135,7.73148148148149e-07,0.9,5,0.2,3.7,0.935,15,0.86,0.85,2.5,12.5,12.5,0.124,12.5,12.5,1,10000,0.8,12.5,150,0,0.0113327765951067,24.1367601609827,217.230841448844,19.9388903759015,71.328995567612,1.06919638416774,6.05877951028384,1.16036816886421,0.648197824782359,1.28827471560968
5,999337.346645825,81.1426937329191,424.978506742924,74.3916338630819,159.750676869601,2.47552904323897,14.0279979116875,1.23031579699845,3.17234582641863,0.0273495182936439,1.45630487008261,1000100,506.121200475843,251.876153484608,999337.346645825,3.17234582641863,0.0273495182936439,1.45630487008261,7.73148148148149e-07,0.9,5,0.2,3.7,0.935,15,0.86,0.85,2.5,12.5,12.5,0.124,12.5,12.5,1,10000,0.8,12.5,150,0,0.0237619681552002,32.3995259757757,291.595733781981,21.9304577656538,114.859055876466,1.88273832060151,10.6688504834085,2.04328189832721,1.23031579699845,2.52606652144703
6,998965.38119174,94.7156445305867,619.439643631914,92.4669596860086,285.463226939558,4.62756749117267,26.2228824499785,2.09823927729447,6.60023554214862,0.0604817192034421,2.92392699219525,1000100,714.1552881625,410.878875844012,998965.38119174,6.60023554214862,0.0604817192034421,2.92392699219525,7.73148148148149e-07,0.9,5,0.2,3.7,0.935,15,0.86,0.85,2.5,12.5,12.5,0.124,12.5,12.5,1,10000,0.8,12.5,150,0,0.0440188182408227,42.3424090783672,381.081681705305,25.5988228461045,167.416119900517,3.03893663065618,17.2206409070517,3.29807076195244,2.09823927729447,4.4634879539879
7,998482.095788747,114.878446557927,856.085816113019,113.780156376392,459.24109090764,7.91990934741224,44.8794863020027,3.31705425224602,12.4051674633893,0.118887730192438,5.2781962023099,1000100,970.964262670946,629.137697185693,998482.095788747,12.4051674633893,0.118887730192438,5.2781962023099,7.73148148148149e-07,0.9,5,0.2,3.7,0.935,15,0.86,0.85,2.5,12.5,12.5,0.124,12.5,12.5,1,10000,0.8,12.5,150,0,0.0747929432438119,54.8092578456175,493.283320610558,31.0482287994397,231.37454489541,4.6076638494109,26.1100951466618,5.00056541796532,3.31705425224602,7.31987081663799
8,997857.672331855,142.701822310194,1148.60877090105,139.972738154672,690.720289290059,12.7034090520098,71.9859846280557,4.96277457438034,21.633384810406,0.214623515660959,8.82387090842102,1000100,1291.31059321125,920.345195699177,997857.672331855,21.633384810406,0.214623515660959,8.82387090842102,7.73148148148149e-07,0.9,5,0.2,3.7,0.935,15,0.86,0.85,2.5,12.5,12.5,0.124,12.5,12.5,1,10000,0.8,12.5,150,0,0.119256963307082,70.7392063857968,636.652857472171,38.5680600838361,310.43480294623,6.67960263368308,37.8510815908708,7.24918115283435,4.96277457438034,11.3584959553161
9,997052.056323038,179.903442491023,1515.56254591081,172.945703335834,993.131027830428,19.4033951035395,109.952572253391,7.13295835650015,35.6238017128594,0.363240149478714,13.9249898178838,1000100,1695.46598840183,1302.56565687969,997052.056323038,35.6238017128594,0.363240149478714,13.9249898178838,7.73148148148149e-07,0.9,5,0.2,3.7,0.935,15,0.86,0.85,2.5,12.5,12.5,0.124,12.5,12.5,1,10000,0.8,12.5,150,0,0.181267666091208,91.2546033401229,821.291430061107,48.6225520246007,409.611498894812,9.37642299530791,53.1330636400782,10.1759629406442,7.13295835650015,16.9048447448011
10,996012.69619776,228.89459273443,1981.01066524979,215.016407107714,1384.40898731299,28.5486279050941,161.775558128866,9.95697503104724,56.0813595295033,0.584597242497508,21.026031997737,1000100,2209.90525798422,1799.70655548571,996012.69619776,56.0813595295033,0.584597242497508,21.026031997737,7.73148148148149e-07,0.9,5,0.2,3.7,0.935,15,0.86,0.85,2.5,12.5,12.5,0.124,12.5,12.5,1,10000,0.8,12.5,150,0,0.26563578224203,117.74711356205,1059.72402205845,61.8634034417378,535.408287905348,12.8609795965369,72.8788843803757,13.9576522753114,9.95697503104724,24.3697830386006
11,994671.393478296,292.893715924312,2575.72170125526,269.086759736954,1888.47951232934,40.8084395082133,231.247823879875,13.606775713076,85.1763591232472,0.903981022478136,30.6814532105664,1000100,2868.61541717958,2443.22931116746,994671.393478296,85.1763591232472,0.903981022478136,30.6814532105664,7.73148148148149e-07,0.9,5,0.2,3.7,0.935,15,0.86,0.85,2.5,12.5,12.5,0.124,12.5,12.5,1,10000,0.8,12.5,150,0,0.378467227752768,151.97098430258,1367.73885872322,79.1604637633275,696.14100033926,17.3489903936851,98.3109455642156,18.8283616675652,13.606775713076,34.2785460028063
12,992940.157896268,376.10059514321,3338.86940302712,338.838253648564,2536.83788759282,57.0394288263719,323.223430016108,18.309253046351,125.676244695786,1.35360469087799,43.5940030442852,1000100,3714.96999817033,3274.24825313022,992940.157896268,125.676244695786,1.35360469087799,43.5940030442852,7.73148148148149e-07,0.9,5,0.2,3.7,0.935,15,0.86,0.85,2.5,12.5,12.5,0.124,12.5,12.5,1,10000,0.8,12.5,150,0,0.527589798379249,196.14955531485,1765.34599783365,101.648809498165,902.397135953275,23.123311851722,131.032100493091,25.0950671258998,18.309253046351,47.3069626749827
13,990705.911244702,483.930424895572,4320.24040533023,428.967921813715,3370.53963830607,78.3439830483069,443.949237273739,24.3612823009784,181.118079251257,1.97458765218582,60.6631954258663,1000100,4804.1708302258,4346.16206274281,990705.911244702,181.118079251257,1.97458765218582,60.6631954258663,7.73148148148149e-07,0.9,5,0.2,3.7,0.935,15,0.86,0.85,2.5,12.5,12.5,0.124,12.5,12.5,1,10000,0.8,12.5,150,0,0.723087039325381,253.09923312998,2277.89309816982,130.792006728533,1167.63254198114,30.5518402909232,173.127094981898,33.1570359746453,24.3612823009783,64.3268615651049
14,987823.858454113,623.309695618491,5582.97437754777,545.478322862272,4442.70871577946,106.143648449659,601.48067454807,32.1484430017816,256.03192098634,2.81953286251346,83.0462142304069,1000100,6206.28407316626,5727.95980464125,987823.858454113,256.03192098634,2.81953286251346,83.0462142304069,7.73148148148149e-07,0.9,5,0.2,3.7,0.935,15,0.86,0.85,2.5,12.5,12.5,0.124,12.5,12.5,1,10000,0.8,12.5,150,0,0.977967310710183,326.372443147455,2937.35198832709,168.462079896889,1508.91199393183,40.1100119777182,227.290067873736,43.5302455572136,32.1484430017816,86.4630282751307
15,984109.342673434,803.035220935481,7206.85413809453,696.034509366414,5821.67279869974,142.271103981001,806.202922559005,42.1684327567665,356.228030240432,3.95585418299906,112.234315749746,1000100,8009.88935903001,7508.34976736293,984109.342673434,356.228030240432,3.95585418299906,112.234315749746,7.73148148148149e-07,0.9,5,0.2,3.7,0.935,15,0.86,0.85,2.5,12.5,12.5,0.124,12.5,12.5,1,10000,0.8,12.5,150,0,1.30900238273711,420.41728002503,3783.75552022527,217.036546198779,1947.79841570122,52.40888446416,296.98367863024,56.8778591083906,42.1684327567665,115.164537955938
16,979328.039720609,1034.1932456769,9292.12250946471,890.400428968734,7594.83200835377,189.085307348655,1071.48340830905,55.060186018657,489.164460633226,5.47004994699596,150.148674669806,1000100,10326.3157551416,9800.86133899887,979328.039720609,489.164460633226,5.47004994699596,150.148674669806,7.73148148148149e-07,0.9,5,0.2,3.7,0.935,15,0.86,0.85,2.5,12.5,12.5,0.124,12.5,12.5,1,10000,0.8,12.5,150,0,1.73777692748466,540.745287528409,4866.70758775568,279.511688020783,2511.38446201749,68.2297540285103,386.635272828225,74.0477950697011,55.060186018657,152.293769741939
17,973184.543127401,1330.6213205786,11963.6736392577,1140.96187843169,9873.32040732927,249.614192250556,1414.48042275315,71.6394314832531,664.412752552808,7.47313607173439,199.259691889444,1000100,13294.2949598363,12750.0163322479,973184.543127401,664.412752552808,7.47313607173439,199.259691889444,7.73148148148149e-07,0.9,5,0.2,3.7,0.935,15,0.86,0.85,2.5,12.5,12.5,0.124,12.5,12.5,1,10000,0.8,12.5,150,0,2.29198807514849,694.086175187788,6246.7755766901,359.627383940162,3233.4253079075,88.5658438598039,501.873115205556,96.1179700804074,71.6394314832531,200.236067566595
18,965309.581558999,1709.37831574239,15375.3091568409,1463.33987474986,12797.4923777629,327.730323771497,1857.13850137182,92.9413410358972,894.246035243124,10.1075351457562,262.73497933627,1000100,17084.6874725833,16538.642418692,965309.581558999,894.246035243124,10.1075351457562,262.73497933627,7.73148148148149e-07,0.9,5,0.2,3.7,0.935,15,0.86,0.85,2.5,12.5,12.5,0.124,12.5,12.5,1,10000,0.8,12.5,150,0,3.00704289908874,888.492626119319,7996.43363507388,461.994139389836,4155.48896130835,114.671352142455,649.804328807245,124.449529456928,92.9413410358972,262.033508503038
19,955246.721664176,2191.14661437434,19713.3779458621,1877.07989533694,16543.0997563968,428.363221448649,2427.39158820901,120.270111011791,1194.37327569209,13.555720653094,344.620206839456,1000100,21904.5245602364,21396.2045724032,955246.721664176,1194.37327569209,13.555720653094,344.620206839456,7.73148148148149e-07,0.9,5,0.2,3.7,0.935,15,0.86,0.85,2.5,12.5,12.5,0.124,12.5,12.5,1,10000,0.8,12.5,150,0,3.92798546271489,1133.32789969787,10199.9510972809,592.201787668739,5327.93998536813,148.116664579591,839.327765951016,160.746767760797,120.270111011791,341.544403228844
20,942440.197140326,2800.43604067669,25198.6267341647,2406.3792018096,21327.8180442181,557.750326774036,3160.58518505287,155.253840476982,1584.84593376992,18.050961050084,450.056591680887,1000100,27999.0627748414,27607.7865983316,942440.197140326,1584.84593376992,18.050961050084,450.056591680887,7.73148148148149e-07,0.9,5,0.2,3.7,0.935,15,0.86,0.85,2.5,12.5,12.5,0.124,12.5,12.5,1,10000,0.8,12.5,150,0,5.11176720911118,1439.03039422353,12951.2735480118,756.874605588294,6810.43965788235,190.846680055309,1081.46452031342,207.120427967002,155.253840476982,443.628096375791
21,926226.837940912,3565.37231702318,32084.3078414738,3080.77199231792,27417.3978256233,723.723743904987,4101.10121546159,199.901068363742,2091.16000851821,23.8904934724507,585.535552928492,1000100,35649.680158497,35522.8958456716,926226.837940912,2091.16000851821,23.8904934724507,585.535552928492,7.73148148148149e-07,0.9,5,0.2,3.7,0.935,15,0.86,0.85,2.5,12.5,12.5,0.124,12.5,12.5,1,10000,0.8,12.5,150,0,6.62982874620883,1816.49742284903,16348.4768056412,963.614139735993,8671.43455174969,245.235783506066,1389.66943986771,266.147361944567,199.901068363743,574.349833584242
22,905836.941473675,4516.74056560146,40647.5795714171,3935.62480779037,35130.112099399,936.021655841252,5304.12271643376,256.65138039994,2745.56825683938,31.4513970506593,759.186075551807,1000100,45164.3201370186,45562.5326598644,905836.941473675,2745.56825683938,31.4513970506593,759.186075551807,7.73148148148149e-07,0.9,5,0.2,3.7,0.935,15,0.86,0.85,2.5,12.5,12.5,0.124,12.5,12.5,1,10000,0.8,12.5,150,0,8.57088238914654,2275.87354466358,20482.8619019723,1220.7406934058,10985.8323165992,314.12759047071,1780.05634600069,340.91366407674,256.65138039994,741.192523800148
23,880411.294677428,5685.82365283277,51170.0580892297,5012.20175938622,44837.3347577088,1206.59898841287,6837.39426767294,328.406711848948,3588.59728114408,41.2092519376914,981.080562397581,1000100,56855.8817420624,58221.9364850298,880411.294677428,3588.59728114408,41.2092519376914,981.080562397581,7.73148148148149e-07,0.9,5,0.2,3.7,0.935,15,0.86,0.85,2.5,12.5,12.5,0.124,12.5,12.5,1,10000,0.8,12.5,150,0,11.0436499247288,2824.49123335616,25420.4211002055,1536.70909536021,13829.7454295215,400.840123133961,2271.42736442578,435.020288672516,328.406711848948,953.249450742604
24,849043.895482252,7100.47657828387,63902.4920961807,6356.94312787611,56957.041513632,1549.89134162332,8782.71760253215,418.522687133065,4670.73030225894,53.7593365447989,1263.52993168294,1000100,71002.9686744646,74065.1162727966,849043.895482252,4670.73030225894,53.7593365447989,1263.52993168294,7.73148148148149e-07,0.9,5,0.2,3.7,0.935,15,0.86,0.85,2.5,12.5,12.5,0.124,12.5,12.5,1,10000,0.8,12.5,150,0,14.1791185941958,3463.7427287216,31173.6845584944,1919.04772386051,17270.9438097786,509.107750502367,2884.94391951341,552.520039304894,418.522687133065,1221.35440655672
25,810861.93702384,8778.85072613222,79008.2850303185,8019.45636147513,71935.7240302291,1982.95513585325,11236.7457698351,530.728846304961,6054.16202145762,69.8395673746315,1621.31548717918,1000100,87787.1357564507,93705.6101436975,810861.93702384,6054.16202145762,69.8395673746315,1621.31548717918,7.73148148148149e-07,0.9,5,0.2,3.7,0.935,15,0.86,0.85,2.5,12.5,12.5,0.124,12.5,12.5,1,10000,0.8,12.5,150,0,18.1315898615992,4184.83609635767,37663.5248672191,2372.66235841411,21353.5905487347,642.919605529694,3643.2110980016,697.742207551606,530.728846304961,1558.08047763625
26,765151.913800777,10720.5396077425,96483.8097740386,10048.6641792827,90213.7191883961,2525.37501691646,14310.4584291933,668.9396876487,7814.44947211967,90.3534589108971,2071.77738497382,1000100,107204.349381781,117767.156501437,765151.913800777,7814.44947211967,90.3534589108971,2071.77738497382,7.73148148148149e-07,0.9,5,0.2,3.7,0.935,15,0.86,0.85,2.5,12.5,12.5,0.124,12.5,12.5,1,10000,0.8,12.5,150,0,23.0775070286273,4963.84257472263,44674.5831725036,2897.44313722769,26076.7053443348,806.209824659506,4568.5223397372,874.956398855277,668.939687648699,1977.51686239656
27,711534.735572755,12895.5406974257,116059.067466829,12486.5714716521,112169.108477776,3198.78800946675,18126.4653869782,836.91091889609,10041.7798072793,116.39023134663,2634.64195959496,1000100,128954.608164255,146817.844264769,711534.735572755,10041.7798072793,116.39023134663,2634.64195959496,7.73148148148149e-07,0.9,5,0.2,3.7,0.935,15,0.86,0.85,2.5,12.5,12.5,0.124,12.5,12.5,1,10000,0.8,12.5,150,0,29.2106749067948,5757.2054814179,51814.8493327612,3485.28126957452,31367.3155315755,1002.35632247335,5680.0191606823,1087.82856702534,836.91091889609,2494.70844020227
28,650174.541657099,15232.9325664914,137095.783467977,15359.4476231851,138038.356879919,4025.86239710264,22813.2202502483,1037.71005954651,12841.4644373765,149.237731496755,3331.44292955713,1000100,152328.716034469,181274.597210002,650174.541657099,12841.4644373765,149.237731496755,3331.44292955713,7.73148148148149e-07,0.9,5,0.2,3.7,0.935,15,0.86,0.85,2.5,12.5,12.5,0.124,12.5,12.5,1,10000,0.8,12.5,150,0,36.7324148796668,6499.8900288559,58499.0102597031,4117.00880175444,37052.9144508047,1233.47174600946,6989.67322738694,1338.65150729709,1037.71005954651,3124.65025555015
29,581980.822836559,17612.9223146541,158515.835578057,18666.9696875892,167818.599952491,5028.58667259087,28495.3244780149,1272.99555350204,16333.1751566154,190.382438445787,4184.3853314803,1000100,176128.757892711,221282.476344188,581980.822836559,16333.1751566154,190.382438445787,4184.3853314803,7.73148148148149e-07,0.9,5,0.2,3.7,0.935,15,0.86,0.85,2.5,12.5,12.5,0.124,12.5,12.5,1,10000,0.8,12.5,150,0,45.8353978813679,7109.10932934687,63981.9839641218,4760.24927423083,42842.1177237992,1499.53046547588,8497.33930436334,1627.39740439243,1272.99555350204,3880.7721000727
30,508734.264223528,19867.6286401769,178808.302692192,22371.0061467523,201166.696573472,6225.82252414042,35279.660970129,1542.1731055079,20648.4216583019,241.489955960449,5214.53350983829,1000100,198675.931332369,266585.359320002,508734.264223528,20648.4216583019,241.489955960449,5214.53350983829,7.73148148148149e-07,0.9,5,0.2,3.7,0.935,15,0.86,0.85,2.5,12.5,12.5,0.124,12.5,12.5,1,10000,0.8,12.5,150,0,56.6808951407151,7496.09783994527,67464.8805595075,5369.62936220997,48326.5682951869,1797.46666757333,10185.6444495822,1950.73901907183,1542.1731055079,4772.95769208284
31,433053.528784652,21795.773536839,196161.690851974,26387.0781732899,237322.379521464,7630.25892496984,43238.1339081624,1841.57692107127,25925.8951659194,304.359973847727,6439.32423781074,1000100,217957.464388813,316419.427448957,433053.528784652,25925.8951659194,304.359973847727,6439.32423781074,7.73148148148149e-07,0.9,5,0.2,3.7,0.935,15,0.86,0.85,2.5,12.5,12.5,0.124,12.5,12.5,1,10000,0.8,12.5,150,0,69.370920208293,7585.79591598812,68272.1632438931,5890.74960455107,53016.6732032362,2120.48774932352,12016.0972461666,2301.30453414955,1841.57692107127,5805.31358249678
32,358143.689393773,23193.0977245471,208737.672716525,30582.3057709113,275089.770183983,9245.17041811256,52389.2990359711,2164.22807120511,32304.6240539714,380.852418981862,7869.29021201782,1000100,231930.770441072,369470.773480183,358143.689393773,32304.6240539714,380.852418981862,7869.29021201782,7.73148148148149e-07,0.9,5,0.2,3.7,0.935,15,0.86,0.85,2.5,12.5,12.5,0.124,12.5,12.5,1,10000,0.8,12.5,150,0,83.9198295889281,7339.62909740288,66056.6618766259,6268.40479041813,56415.5872206824,2457.90916275331,13928.1519222687,2667.49831616638,2130.70978798218,6974.09818520014
33,287326.431577652,23894.6044004432,215051.281776414,34783.1739708038,312907.273942634,11061.6329715952,62682.5868390392,3217.64146525199,39914.8357290168,473.305799972623,8787.23152717686,1000100,238945.886176857,424652.309189324,287326.431577652,39914.8357290168,473.305799972623,8787.23152717686,7.73148148148149e-07,0.9,5,0.2,3.7,0.935,15,0.86,0.85,2.5,12.5,12.5,0.124,12.5,12.5,1,10000,0.8,12.5,150,0,101.654472734975,6775.1285734353,60976.1571609177,6458.00118930898,58121.9680476794,2795.77889167195,15842.7470528077,3034.1786421246,1212.76847282314,8264.93155913498
34,223485.355393338,23813.7119752264,214323.287327261,38793.9933553142,349013.724632154,13056.9867400061,73989.5915267012,5071.41158323849,48867.7849215154,585.190922274843,9098.96162296967,1000100,238136.999302488,479925.707837414,223485.355393338,48867.7849215154,585.190922274843,9098.96162296967,7.73148148148149e-07,0.9,5,0.2,3.7,0.935,15,0.86,0.85,2.5,12.5,12.5,0.124,12.5,12.5,1,10000,0.8,12.5,150,0,122.517762345613,5958.91256354585,53630.2130719127,6436.1383716828,57925.2127911516,3118.36186033723,17670.7172085777,3384.26868563731,901.038377030325,9655.33846676665
35,168641.774111892,22960.6585488201,206645.83501534,42421.5905807362,381670.599087118,15195.1221582927,86105.6922303253,7286.00746056431,59248.9118683814,718.98614978499,9204.82278874561,1000100,229606.49356416,532679.011517036,168641.774111892,59248.9118683814,718.98614978499,9204.82278874561,7.73148148148149e-07,0.9,5,0.2,3.7,0.935,15,0.86,0.85,2.5,12.5,12.5,0.124,12.5,12.5,1,10000,0.8,12.5,150,0,145.326667660283,4995.0003885837,44955.0034972533,6205.58339157301,55850.2256798215,3410.12529711921,19324.0433503422,3700.91117516814,795.177211254393,11115.737725268
36,123688.884995125,21442.3414428205,192981.002831419,45501.0174376928,409393.398597868,17428.7264553291,98762.7832468649,9674.12429939834,71110.7158087127,876.232255903989,9240.77262886581,1000100,214423.34427424,580760.050037153,123688.884995125,71110.7158087127,876.232255903989,9240.77262886581,7.73148148148149e-07,0.9,5,0.2,3.7,0.935,15,0.86,0.85,2.5,12.5,12.5,0.124,12.5,12.5,1,10000,0.8,12.5,150,0,169.302084632711,3999.38093768045,35994.428439124,5795.22741697851,52157.0277922754,3657.80599934194,20727.5673296043,3969.71193727033,759.227371134188,12610.419581958
37,88428.3555023916,19435.6313317258,174920.628445905,47915.9678646693,431135.401996563,19703.1812405209,111651.360362952,12130.3164567336,84468.4234518548,1057.75233308465,9252.98101359916,1000100,194356.259777631,622536.227921439,88428.3555023916,84468.4234518548,1057.75233308465,9252.98101359916,7.73148148148149e-07,0.9,5,0.2,3.7,0.935,15,0.86,0.85,2.5,12.5,12.5,0.124,12.5,12.5,1,10000,0.8,12.5,150,0,193.76439657472,3070.27425822868,27632.4683240582,5252.87333289887,47275.8455259203,3852.05206505417,21828.295035307,4180.52162098902,747.018986400844,14101.1519987284
38,61846.5011146211,17146.2619088884,154316.316319985,49608.6333752005,446376.364503652,21961.3452847769,124447.623280403,14576.8908316473,99299.2286246255,1263.70744933022,9257.12730687034,1000100,171462.578228874,656970.857275679,61846.5011146211,99299.2286246255,1263.70744933022,9257.12730687034,7.73148148148149e-07,0.9,5,0.2,3.7,0.935,15,0.86,0.85,2.5,12.5,12.5,0.124,12.5,12.5,1,10000,0.8,12.5,150,0,218.067319357264,2270.94973528443,20438.5476175598,4634.1248402401,41707.1125189149,3988.21536794385,22599.8870850152,4328.29574815612,742.872693129655,15550.6399410802
39,42486.9465214035,14769.2958984943,132923.631903183,50578.0665172884,455107.788891224,24148.2734597577,136840.21627196,16948.8932565373,115544.719637462,1493.63233824944,9258.53530444,1000100,147692.927801677,683623.238396768,42486.9465214035,115544.719637462,1493.63233824944,9258.53530444,7.73148148148149e-07,0.9,5,0.2,3.7,0.935,15,0.86,0.85,2.5,12.5,12.5,0.124,12.5,12.5,1,10000,0.8,12.5,150,0,241.608757280886,1627.36119227267,14646.2507304541,3991.70159418764,35925.3059197792,4066.21996333985,23041.9131255925,4412.95189819829,741.464695559998,16925.3700795716
40,28788.8852470907,12462.1766576203,112159.56612035,50869.8212865527,457739.689248621,26215.0787089409,148552.112683998,19191.4595920741,133115.703598113,1746.49343125873,9259.01342538107,1000100,124621.74277797,702568.161520186,28788.8852470907,133115.703598113,1746.49343125873,9259.01342538107,7.73148148148149e-07,0.9,5,0.2,3.7,0.935,15,0.86,0.85,2.5,12.5,12.5,0.124,12.5,12.5,1,10000,0.8,12.5,150,0,263.8588096972,1136.32172368899,10226.8955132009,3368.1558534109,30313.3962487432,4089.72907421333,23175.1314205422,4438.46566193695,740.986574618933,18197.5288887868
41,19319.1183985553,10333.5424308534,93001.8637155051,50561.311774353,454968.81887542,28121.4994458077,159355.163526243,21260.2809843077,151898.451663871,2020.77340649925,9259.17577858434,1000100,103335.406146358,714267.074606132,19319.1183985553,151898.451663871,2020.77340649925,9259.17577858434,7.73148148148149e-07,0.9,5,0.2,3.7,0.935,15,0.86,0.85,2.5,12.5,12.5,0.124,12.5,12.5,1,10000,0.8,12.5,150,0,284.382806343178,777.493105964763,6997.43795368287,2792.84930563604,25135.6388420284,4064.96778055483,23034.817423144,4411.59294013702,740.824221415656,19345.9373386013
42,12887.9729412974,8444.83831554104,76003.5309789854,49746.986086613,447645.23561883,29837.1092540783,169076.952439777,23122.127993665,171761.4423189,2314.57316558323,9259.23088673003,1000100,84448.3692945264,719428.411392963,12887.9729412974,171761.4423189,2314.57316558323,9259.23088673003,7.73148148148149e-07,0.9,5,0.2,3.7,0.935,15,0.86,0.85,2.5,12.5,12.5,0.124,12.5,12.5,1,10000,0.8,12.5,150,0,302.852766014246,524.012567754095,4716.11310978686,2282.38873393001,20541.4948591852,3999.53085473346,22664.008176823,4340.57612141616,740.769113269966,20356.1471739827
43,8576.06016438024,6819.28373859801,61373.5430691271,48525.978549236,436661.17179515,31341.3708524693,177601.101497326,24754.6412205317,192561.880077209,2625.71940886383,9259.24962710943,1000100,68192.8268077251,718884.263914713,8576.06016438024,192561.880077209,2625.71940886383,9259.24962710943,7.73148148148149e-07,0.9,5,0.2,3.7,0.935,15,0.86,0.85,2.5,12.5,12.5,0.124,12.5,12.5,1,10000,0.8,12.5,150,0,319.047445948415,349.52369136693,3145.71322230237,1843.04965908054,16587.444072737,3901.3898759192,22107.8759635422,4234.06653200534,740.750372890567,21219.9392613389
44,5709.26772777365,5453.18707604708,49078.6756113831,46993.2961009039,422871.711799947,32622.871111555,184862.936298812,26145.4103474861,214151.520239087,2951.86771187337,9259.25597513173,1000100,54531.8626874302,713496.225658704,5709.26772777365,214151.520239087,2951.86771187337,9259.25597513173,7.73148148148149e-07,0.9,5,0.2,3.7,0.935,15,0.86,0.85,2.5,12.5,12.5,0.124,12.5,12.5,1,10000,0.8,12.5,150,0,332.843926065707,231.677574004169,2085.09816603753,1473.83434487759,13264.5069219954,3778.18452853075,21409.7123283409,4100.35530228143,740.744024868269,21934.4756734767
45,3812.01228291809,4326.43420121692,38937.9016498242,45234.4761544583,407046.712935958,33678.0699743811,190842.396521493,27290.5853286281,236381.558513393,3290.59438330895,9259.25805442109,1000100,43264.3358510411,704092.240914918,3812.01228291809,236381.558513393,3290.59438330895,9259.25805442109,7.73148148148149e-07,0.9,5,0.2,3.7,0.935,15,0.86,0.85,2.5,12.5,12.5,0.124,12.5,12.5,1,10000,0.8,12.5,150,0,344.204078379877,153.138730226072,1378.24857203465,1169.30654086944,10523.7572026552,3636.79304147604,20608.4939016975,3946.9071767957,740.741945578915,22501.3058646591
46,2558.11395400718,3410.67463400692,30696.0670040546,43323.0423304752,389847.907089918,34509.8484365672,195555.807807214,28193.2896806125,259106.51654781,3639.47350509828,9259.2590102356,1000100,34106.7416380615,691429.895344787,2558.11395400718,259106.51654781,3639.47350509828,9259.2590102356,7.73148148148149e-07,0.9,5,0.2,3.7,0.935,15,0.86,0.85,2.5,12.5,12.5,0.124,12.5,12.5,1,10000,0.8,12.5,150,0,353.158913136906,101.240443374402,911.163990369615,921.803955137004,8296.23432542017,3483.12760428938,19737.7230909732,3780.1384852753,740.740989764403,22925.3715957885
47,1728.3133105392,2674.97797839184,24074.7982170805,41319.925097118,371823.686564178,35126.0538948852,199047.638737683,28862.0397545627,282187.169230322,3996.13816915126,9259.25904608791,1000100,26749.7761954723,676179.344048427,1728.3133105392,282187.169230322,3996.13816915126,9259.25904608791,7.73148148148149e-07,0.9,5,0.2,3.7,0.935,15,0.86,0.85,2.5,12.5,12.5,0.124,12.5,12.5,1,10000,0.8,12.5,150,0,359.792914155016,67.1029539783196,603.926585804877,722.967021186984,6506.70222083256,3322.08778136848,18825.1640944214,3605.36658443091,740.740953912093,23214.0953843681
48,1177.22954063643,2089.32102095663,18803.886450004,39274.1021152857,353414.867253634,35538.1643261953,201382.931181773,29309.2913569531,305492.62105932,4358.32662066549,9259.25907457672,1000100,20893.2074709607,658919.356233841,1177.22954063643,305492.62105932,4358.32662066549,9259.25907457672,7.73148148148149e-07,0.9,5,0.2,3.7,0.935,15,0.86,0.85,2.5,12.5,12.5,0.124,12.5,12.5,1,10000,0.8,12.5,150,0,364.229650276815,44.6788146476152,402.109331828537,564.681357015307,5082.13147297406,3157.61200269548,17893.1346819411,3426.86573935944,740.740925423284,23376.5942254817
49,809.298737959469,1626.46478694368,14638.1809924628,37223.8837232249,334966.25807508,35760.1330659326,202640.754040285,29550.1874372972,328901.664894045,4723.91494584572,9259.25930092417,1000100,16264.6457794065,640141.216341819,809.298737959469,328901.664894045,4723.91494584572,9259.25930092417,7.73148148148149e-07,0.9,5,0.2,3.7,0.935,15,0.86,0.85,2.5,12.5,12.5,0.124,12.5,12.5,1,10000,0.8,12.5,150,0,366.619341190123,29.9308289449865,269.377460504878,439.585077552347,3956.26513309805,2992.78093020017,16959.0919378009,3247.9793040932,740.74069907583,23423.0313141576
50,561.99188178981,1262.75387714062,11364.7832992105,35198.4521499622,316740.513952947,35807.433838589,202908.791752004,29601.5217930225,352303.55993905,5090.93839921043,9259.25911707408,1000100,12627.5371763511,620256.713486525,561.99188178981,352303.55993905,5090.93839921043,9259.25911707408,7.73148148148149e-07,0.9,5,0.2,3.7,0.935,15,0.86,0.85,2.5,12.5,12.5,0.124,12.5,12.5,1,10000,0.8,12.5,150,0,367.128576539883,20.1991570806812,181.792413726131,341.284831659628,3071.56305384067,2829.94122643349,16036.3336164564,3071.25404419138,740.74088292592,23364.1007966279
51,394.454434639532,978.253937840994,8804.28422326565,33219.4165200007,298932.130923288,35696.2996266124,202279.03121747,29480.9106711148,375598.355462621,5457.60351685338,9259.25946629396,1000100,9782.53816110665,599607.788958486,394.454434639532,375598.355462621,5457.60351685338,9259.25946629396,7.73148148148149e-07,0.9,5,0.2,3.7,0.935,15,0.86,0.85,2.5,12.5,12.5,0.124,12.5,12.5,1,10000,0.8,12.5,150,0,365.932116981968,13.7455935337049,123.710341803344,264.392956173242,2379.53627655828,2670.83059299148,15134.7066936184,2898.5758373551,740.740533706043,23210.6313337916
52,279.965982077449,756.524847108283,6808.72269496132,31302.2497819787,281680.378550239,35443.1363838691,200844.439508591,29206.1597854467,398696.869940639,5822.29297920472,9259.25954588403,1000100,7565.2475420696,578476.364010125,279.965982077449,398696.869940639,5822.29297920472,9259.25954588403,7.73148148148149e-07,0.9,5,0.2,3.7,0.935,15,0.86,0.85,2.5,12.5,12.5,0.124,12.5,12.5,1,10000,0.8,12.5,150,0,363.206588827767,9.4390287323924,84.9512585915316,204.466174894131,1840.19532296252,2516.69331441936,14261.2621150431,2731.29506991249,740.740454115972,22973.2910851818
53,200.995674591962,584.222523173636,5258.00199956473,29457.547387105,265080.628087312,35064.0860831656,198696.487804605,28794.7880559194,421520.418525061,6183.56500345897,9259.25885604321,1000100,5842.22452273837,557093.537418107,200.995674591962,421520.418525061,6183.56500345897,9259.25885604321,7.73148148148149e-07,0.9,5,0.2,3.7,0.935,15,0.86,0.85,2.5,12.5,12.5,0.124,12.5,12.5,1,10000,0.8,12.5,150,0,359.125775796279,6.54422054558406,58.8979849102565,157.897979236118,1421.08162150398,2368.38146898979,13420.8283242755,2570.33647797341,740.741143956795,22662.3759819048
54,145.988623032335,450.644514310928,4055.8000877101,27692.0916753883,249193.932005723,34574.7130012881,195923.373673966,28263.6851462251,444000.363358902,6540.14871719648,9259.25919625803,1000100,4506.44460202103,535647.79550259,145.988623032335,444000.363358902,6540.14871719648,9259.25919625803,7.73148148148149e-07,0.9,5,0.2,3.7,0.935,15,0.86,0.85,2.5,12.5,12.5,0.124,12.5,12.5,1,10000,0.8,12.5,150,0,353.857237632057,4.58267121352548,41.2440409217293,121.795814678629,1096.16218586759,2226.44051641981,12616.4962597123,2416.29203332383,740.740803741974,22287.6646797384
55,107.284183410142,347.285009445489,3125.56467206536,26009.7290163002,234054.918309614,33989.7889494092,192608.804046652,27628.8831992304,466077.546071691,6890.9366955418,9259.25984664008,1000100,3472.84968151085,514292.123521206,107.284183410142,466077.546071691,6890.9366955418,9259.25984664008,7.73148148148149e-07,0.9,5,0.2,3.7,0.935,15,0.86,0.85,2.5,12.5,12.5,0.124,12.5,12.5,1,10000,0.8,12.5,150,0,347.560007479301,3.24201728784027,29.1781555905624,93.8608133636457,844.747208666313,2091.17982914767,11850.0190318368,2269.49748899748,740.740153359917,21858.3256809542
56,79.768912463751,267.431508602815,2406.88326227751,24412.0790626793,219678.173867541,33323.1560882476,188831.217833403,26905.4066012414,487701.64831004,7234.97563261513,9259.25892088782,1000100,2674.31477088032,493150.033453113,79.768912463751,487701.64831004,7234.97563261513,9259.25892088782,7.73148148148149e-07,0.9,5,0.2,3.7,0.935,15,0.86,0.85,2.5,12.5,12.5,0.124,12.5,12.5,1,10000,0.8,12.5,150,0,340.38311228048,2.31742634070528,20.8568370663475,72.2787861088688,650.508989804732,1962.7297238119,11122.1351016008,2130.09427390439,740.741079112177,21382.8644725862
57,60.003924068124,205.815845918313,1852.34237275245,22899.0998689991,206063.330520448,32587.649299146,184663.346028494,26107.1823699255,508830.515161638,7571.45587868808,9259.25872992287,1000100,2058.15821867076,472320.608087012,60.003924068124,508830.515161638,7571.45587868808,9259.25872992287,7.73148148148149e-07,0.9,5,0.2,3.7,0.935,15,0.86,0.85,2.5,12.5,12.5,0.124,12.5,12.5,1,10000,0.8,12.5,150,0,332.464726390329,1.67382297507769,15.0644067756992,55.6259043022467,500.633073716878,1841.08690276154,10432.8257823154,1998.07880919857,740.741270077126,20869.1007194964
58,45.6578720209391,158.321340093069,1424.89187728503,21469.5327820961,193199.069139136,31795.0633372633,180172.025577826,25247.0102002832,529429.467411532,7899.70037424587,9259.26008821967,1000100,1583.2132173781,451882.701036604,45.6578720209391,529429.467411532,7899.70037424587,9259.26008821967,7.73148148148149e-07,0.9,5,0.2,3.7,0.935,15,0.86,0.85,2.5,12.5,12.5,0.124,12.5,12.5,1,10000,0.8,12.5,150,0,323.93182924692,1.22155485734014,10.9939937160613,42.789551376505,385.105912779738,1726.15022804862,9781.5179589422,1873.34133276595,740.739911780332,20324.1675153658
59,35.1369143895402,121.742208667514,1095.67973792521,20121.2490997235,181066.239589644,30956.1529114224,175418.199831393,24336.5655059217,549470.621419587,8219.1534221381,9259.25935918781,1000100,1217.42194659273,431898.406938105,35.1369143895402,549470.621419587,8219.1534221381,9259.25935918781,7.73148148148149e-07,0.9,5,0.2,3.7,0.935,15,0.86,0.85,2.5,12.5,12.5,0.124,12.5,12.5,1,10000,0.8,12.5,150,0,314.900212093258,0.900693355797568,8.10624020217812,32.9032996398686,296.129658898706,1617.74859655121,9167.2420471235,1755.69615129588,740.740640812188,19754.526447528
60,27.341930264919,93.5889176973423,842.300152368939,18851.5176906864,169640.26935048,30080.6563386664,170457.052585776,23386.41545084,568932.229870209,8529.36961801074,9259.25809499948,1000100,935.889070066281,412415.911416449,27.341930264919,568932.229870209,8529.36961801074,9259.25809499948,7.73148148148149e-07,0.9,5,0.2,3.7,0.935,15,0.86,0.85,2.5,12.5,12.5,0.124,12.5,12.5,1,10000,0.8,12.5,150,0,305.474713514249,0.67087378007882,6.03786402070939,25.2943020803628,227.648689829443,1515.66245959802,8588.75393772211,1644.90499491258,740.741905000523,19165.9936279534
61,21.5082475698511,71.9324708457891,647.392156023436,17657.2097594856,158893.006428175,29177.3355063228,165338.234535829,22406.0662530823,587798.052436094,8830.0031039548,9259.25910261688,1000100,719.324626869225,393471.852482895,21.5082475698511,587798.052436094,8830.0031039548,9259.25910261688,7.73148148148149e-07,0.9,5,0.2,3.7,0.935,15,0.86,0.85,2.5,12.5,12.5,0.124,12.5,12.5,1,10000,0.8,12.5,150,0,295.749657468944,0.504692337226742,4.54223103504068,19.4412083366997,174.970852979307,1419.64028836498,8044.62830073488,1540.69488659765,740.740897383123,18563.7729111723
62,17.0991139749592,55.2809063357079,497.528094755086,16534.9540966253,148794.116641689,28254.0265676882,160106.150550233,21404.0254484705,606056.762073168,9120.79730842653,9259.25919863301,1000100,552.809001090794,375093.273304707,17.0991139749592,606056.762073168,9120.79730842653,9259.25919863301,7.73148148148149e-07,0.9,5,0.2,3.7,0.935,15,0.86,0.85,2.5,12.5,12.5,0.124,12.5,12.5,1,10000,0.8,12.5,150,0,285.809413449179,0.383391918087385,3.45052726278647,14.9407854961373,134.46705263651,1329.41105780679,7533.3293275718,1442.77169064303,740.74080136699,17952.4935009522
63,13.7343898639258,42.4819881593172,382.337845913893,15481.2536055681,139312.132394648,27317.6971615307,154800.283915341,20387.8539533612,623701.39019844,9401.5753019752,9259.25924519929,1000100,424.819834073211,357299.221030448,13.7343898639258,623701.39019844,9401.5753019752,9259.25924519929,7.73148148148149e-07,0.9,5,0.2,3.7,0.935,15,0.86,0.85,2.5,12.5,12.5,0.124,12.5,12.5,1,10000,0.8,12.5,150,0,275.728992587244,0.294026790533839,2.64624111480455,11.4816184214371,103.334552949701,1244.69361682774,7053.2638286905,1350.83028182855,740.740754800712,17336.2498887816
64,11.1424569141611,32.6469329749178,293.822360508295,14492.5717477763,130415.230708463,26374.5070097639,149455.539721995,19364.2367894964,640728.812319654,9672.23076236201,9259.25919009227,1000100,326.469293483213,340102.085977495,11.1424569141611,640728.812319654,9672.23076236201,9259.25919009227,7.73148148148149e-07,0.9,5,0.2,3.7,0.935,15,0.86,0.85,2.5,12.5,12.5,0.124,12.5,12.5,1,10000,0.8,12.5,150,0,265.574709884376,0.227587055421427,2.04828349879284,8.82349539862644,79.4114487860257,1165.20363955062,6602.82062412019,1264.56208943478,740.740809907729,16718.6425176671
65,9.12750938066263,25.0908405498198,225.817537271173,13565.3957968025,122071.802535155,25429.8695898013,144102.594342207,18339.0491435852,657139.274157757,9932.71960912056,9259.25893836966,1000100,250.908377820993,323508.711407551,9.12750938066263,657139.274157757,9932.71960912056,9259.25893836966,7.73148148148149e-07,0.9,5,0.2,3.7,0.935,15,0.86,0.85,2.5,12.5,12.5,0.124,12.5,12.5,1,10000,0.8,12.5,150,0,255.404846439267,0.177748930459075,1.59974037413168,6.78130825670806,61.0317668300468,1090.65871178727,6180.39936679453,1183.66061744355,740.741061630337,16102.8181074496
66,7.54719050308711,19.286392007316,173.577506943343,12696.2821795329,114250.860852857,24488.5132206624,138768.241583754,17317.4223755494,672935.957757057,10183.0523020111,9259.25863912295,1000100,192.863898950659,307521.320212355,7.54719050308711,672935.957757057,10183.0523020111,9259.25863912295,7.73148148148149e-07,0.9,5,0.2,3.7,0.935,15,0.86,0.85,2.5,12.5,12.5,0.124,12.5,12.5,1,10000,0.8,12.5,150,0,245.27030652553,0.140037225610035,1.26033503049032,5.21253838035567,46.912839714417,1020.78197712345,5784.43120369952,1107.82540152932,740.741360877053,15491.5088454752
67,6.29708646043396,14.8278327872479,133.450478965105,11881.8883199971,106922.327282896,23554.5404034359,133475.728952803,16303.8079427106,688124.585753218,10423.2867849323,9259.25916179342,1000100,148.278311752353,292138.292901843,6.29708646043396,688124.585753218,10423.2867849323,9259.25916179342,7.73148148148149e-07,0.9,5,0.2,3.7,0.935,15,0.86,0.85,2.5,12.5,12.5,0.124,12.5,12.5,1,10000,0.8,12.5,150,0,235.215255499682,0.111258032125621,1.00132228913059,4.00752237493186,36.0676970175959,955.304697662865,5413.39328675624,1036.76478816125,740.740838206577,14887.0699289723
68,5.29998121110855,11.4031386543495,102.628235586701,11118.9940449505,100057.224761346,22631.4846354956,128245.079601142,15302.0420520612,702713.062394588,10653.5220522247,9259.25910274023,1000100,114.031374241051,277354.825094995,5.29998121110855,702713.062394588,10653.5220522247,9259.25910274023,7.73148148148149e-07,0.9,5,0.2,3.7,0.935,15,0.86,0.85,2.5,12.5,12.5,0.124,12.5,12.5,1,10000,0.8,12.5,150,0,225.277737395793,0.089113380753242,0.802020426779178,3.08192936604042,27.7373609693788,893.967975421433,5065.81852738812,970.197802782951,740.740897259771,14291.5151087466
69,4.49830501941257,8.77247834252076,78.9522956937924,10404.5152226057,93627.8003075701,21722.3641937893,123093.397098139,14315.3979367543,716711.148957503,10873.8923263715,9259.26087821087,1000100,87.7247740363131,263163.474758859,4.49830501941257,716711.148957503,10873.8923263715,9259.26087821087,7.73148148148149e-07,0.9,5,0.2,3.7,0.935,15,0.86,0.85,2.5,12.5,12.5,0.124,12.5,12.5,1,10000,0.8,12.5,150,0,215.490241862084,0.0719365744015067,0.64742916961356,2.37094009257318,21.3384582956196,836.523849178143,4740.30181200948,907.855340193334,740.739121789129,13706.5500673202
70,3.8487847734959,6.75156948032038,60.7641181575327,9735.51158793979,87607.595470649,20829.7325917841,118035.151353443,13346.6538195509,730130.171422327,11084.5617615251,9259.2575203699,1000100,67.5156876378531,249554.644823367,3.8487847734959,730130.171422327,11084.5617615251,9259.2575203699,7.73148148148149e-07,0.9,5,0.2,3.7,0.935,15,0.86,0.85,2.5,12.5,12.5,0.124,12.5,12.5,1,10000,0.8,12.5,150,0,205.8802735716,0.0585090566225811,0.52658150960323,1.8247485081947,16.422734637171,782.735923858112,4435.5035685293,849.480847597951,740.7424796301,13133.6034798275
71,3.31864240087901,5.19886234855865,46.789755668625,9109.19020877173,81971.4775415577,19955.7255908046,113082.44501456,12398.114591042,742982.758023687,11285.7197500257,9259.26201913357,1000100,51.9886180171837,236516.952946736,3.31864240087901,742982.758023687,11285.7197500257,9259.26201913357,7.73148148148149e-07,0.9,5,0.2,3.7,0.935,15,0.86,0.85,2.5,12.5,12.5,0.124,12.5,12.5,1,10000,0.8,12.5,150,0,196.470800126981,0.0479330308138484,0.431397277324636,1.40509793204288,12.6458799104392,732.379649380399,4150.15134648892,794.830627234541,740.737980866434,12573.855870701
72,2.88285829878624,4.00565263265737,36.0508695205786,8522.90580080523,76695.6424048977,19102.1047301272,108245.260137388,11471.7104525348,755282.604604702,11477.5765678472,9259.25592124673,1000100,40.056522153236,224037.623525753,2.88285829878624,755282.604604702,11477.5765678472,9259.25592124673,7.73148148148149e-07,0.9,5,0.2,3.7,0.935,15,0.86,0.85,2.5,12.5,12.5,0.124,12.5,12.5,1,10000,0.8,12.5,150,0,187.280822680159,0.0395419585176417,0.355877626658775,1.08260881963713,9.74347824880503,685.242346122057,3883.03996135832,743.673864008434,740.744078753271,12028.2660521816
73,2.52219463974107,3.08847825225025,27.7963010852729,7974.15873975828,71757.5966633607,18270.2974415182,103531.685501936,10568.9702428375,767044.265204127,11660.3596938293,9259.25953865507,1000100,30.8847793375231,212102.708589411,2.52219463974107,767044.265204127,11660.3596938293,9259.25953865507,7.73148148148149e-07,0.9,5,0.2,3.7,0.935,15,0.86,0.85,2.5,12.5,12.5,0.124,12.5,12.5,1,10000,0.8,12.5,150,0,178.325668507715,0.0328373237387335,0.295535913648601,0.834723851959527,7.5125138068305,641.12304519648,3633.03058944672,695.792452151218,740.740461344934,11497.5956229016
74,2.22175212799455,2.38326458709736,21.449378853185,7460.59146318638,67136.1252684507,17461.4338580795,98948.125195784,9691.13550424048,778282.966207004,11834.3102775777,9259.25783010941,1000100,23.8326434402823,200697.411289741,2.22175212799455,778282.966207004,11834.3102775777,9259.25783010941,7.73148148148149e-07,0.9,5,0.2,3.7,0.935,15,0.86,0.85,2.5,12.5,12.5,0.124,12.5,12.5,1,10000,0.8,12.5,150,0,169.617534341814,0.0274435647287988,0.246992082559189,0.644125564080369,5.79712941977972,599.832199239094,3399.04912902153,650.980681344753,740.742169890595,10982.4310958857
75,1.96991112378957,1.84082587433611,16.5674310139861,6979.98375538205,62811.2490979723,16676.3804730959,94499.4893475432,8839.13877952446,789014.441515987,11999.6802293457,9259.25863313772,1000100,18.4082568883222,189806.241453518,1.96991112378957,789014.441515987,11999.6802293457,9259.25863313772,7.73148148148149e-07,0.9,5,0.2,3.7,0.935,15,0.86,0.85,2.5,12.5,12.5,0.124,12.5,12.5,1,10000,0.8,12.5,150,0,161.165733205464,0.0230757486905728,0.207681738215155,0.497520506577327,4.47768405783408,561.191303373823,3180.08405245166,609.044825366939,740.741366862281,10483.2043211565
76,1.75754859193245,1.42340766868955,12.8106676024897,6530.24730562755,58764.175992833,15915.7708089265,90189.3679172501,8013.66943306501,799254.787301383,12156.7294900416,9259.26012701024,1000100,14.2340752711793,179413.231457702,1.75754859193245,799254.787301383,12156.7294900416,9259.26012701024,7.73148148148149e-07,0.9,5,0.2,3.7,0.935,15,0.86,0.85,2.5,12.5,12.5,0.124,12.5,12.5,1,10000,0.8,12.5,150,0,152.977089143958,0.0195162183097237,0.175645964787513,0.384704775321501,3.46234259526749,525.032457742921,2975.18392720989,569.802667317899,740.73987298976,10000.2108747162
77,1.57745470222157,1.10203024118317,9.91827109021154,6109.41982369799,54977.247808294,15180.0332931203,86020.1886610147,7215.19584407369,809020.334230839,12305.7236902807,9259.25889264596,1000100,11.0203013313947,169502.085430201,1.57745470222157,809020.334230839,12305.7236902807,9259.25889264596,7.73148148148149e-07,0.9,5,0.2,3.7,0.935,15,0.86,0.85,2.5,12.5,12.5,0.124,12.5,12.5,1,10000,0.8,12.5,150,0,145.056221345249,0.0165975951661502,0.149378356495352,0.297846011130586,2.68061380816528,491.197894428848,2783.4547350968,533.08298620185,740.741107354041,9533.62680699509
78,1.42389539307605,0.85444840120844,7.69003478631537,5715.65892530438,51433.8853939244,14469.4165265061,81993.3603168679,6443.98377740975,818327.535619711,12446.932097161,9259.25896453485,1000100,8.54448318752381,160056.304940013,1.42389539307605,818327.535619711,12446.932097161,9259.25896453485,7.73148148148149e-07,0.9,5,0.2,3.7,0.935,15,0.86,0.85,2.5,12.5,12.5,0.124,12.5,12.5,1,10000,0.8,12.5,150,0,137.405798214453,0.0141903286065754,0.127712957459179,0.230932000326605,2.07838778008523,459.539485870919,2604.05708660187,498.725023425803,740.741035465146,9083.52379399436
79,1.29228238142419,0.663585577458997,5.97226956784837,5347.23594390586,48118.5329101709,13784.0121295001,78109.4020671675,5700.1338723439,827192.870022731,12580.6257802382,9259.25913641594,1000100,6.63585514530737,151059.316923088,1.29228238142419,827192.870022731,12580.6257802382,9259.25913641594,7.73148148148149e-07,0.9,5,0.2,3.7,0.935,15,0.86,0.85,2.5,12.5,12.5,0.124,12.5,12.5,1,10000,0.8,12.5,150,0,130.026808520248,0.012193515661523,0.109741640953707,0.179347453367297,1.61412691022929,429.918247355631,2436.20340168191,466.577942866576,740.740863584058,8649.88276628161
80,1.17892233860733,0.516331265542383,4.64698090962979,5002.52978216439,45016.6025010495,13123.7753590185,74368.0603677712,4983.59771366486,835632.756730974,12707.0760457287,9259.25926511486,1000100,5.16331217517217,142494.565723668,1.17892233860733,835632.756730974,12707.0760457287,9259.25926511486,7.73148148148149e-07,0.9,5,0.2,3.7,0.935,15,0.86,0.85,2.5,12.5,12.5,0.124,12.5,12.5,1,10000,0.8,12.5,150,0,122.918770847507,0.0105280846935472,0.0947527622419251,0.139548990687131,1.25594078638643,402.203842689323,2279.15510857283,436.500294391514,740.740734885139,8232.60621882531
81,1.08082531036623,0.402618668457503,3.62356764960218,4680.02088432138,42114.4200545143,12488.5436654823,70768.4141043995,4294.19883397501,843663.482969347,12826.5530686986,9259.25940763365,1000100,4.02618631805968,134345.597542692,1.08082531036623,843663.482969347,12826.5530686986,9259.25940763365,7.73148148148149e-07,0.9,5,0.2,3.7,0.935,15,0.86,0.85,2.5,12.5,12.5,0.124,12.5,12.5,1,10000,0.8,12.5,150,0,116.079935092013,0.00913170505425842,0.0821853454883258,0.108815856339866,0.979342608000589,376.274099589178,2132.21989767201,408.35948792624,740.740592366348,7831.52925656218
82,0.995557297363508,0.314716458892313,2.83244785031595,4378.28538542697,39399.1725539234,11878.0533678708,67308.969084601,3631.65176833807,851301.141540604,12939.3247141694,9259.25886345967,1000100,3.14716430920827,126596.13216016,0.995557297363508,851301.141540604,12939.3247141694,9259.25886345967,7.73148148148149e-07,0.9,5,0.2,3.7,0.935,15,0.86,0.85,2.5,12.5,12.5,0.124,12.5,12.5,1,10000,0.8,12.5,150,0,109.50746388233,0.00795496000584873,0.0715946400526386,0.0850585024033279,0.765526446031338,352.014539290317,1994.74905597846,382.031282950731,740.74113654033,7446.42950059642
83,0.921126262689719,0.246685786157551,2.2201718619469,4095.98947553045,36858.8573636114,11291.9546002505,63987.7427347529,2995.57503438384,858561.577855754,13045.655536305,9259.25941550045,1000100,2.46685764810445,119230.119208529,0.921126262689719,858561.577855754,13045.655536305,9259.25941550045,7.73148148148149e-07,0.9,5,0.2,3.7,0.935,15,0.86,0.85,2.5,12.5,12.5,0.124,12.5,12.5,1,10000,0.8,12.5,150,0,103.197587062499,0.0069584530184397,0.0626260771659573,0.0666718340966354,0.600046449174838,329.31792343354,1866.13489945673,357.399296749578,740.740584499554,7077.03595869814
84,0.85589344356347,0.193963454294141,1.7456709257318,3831.88400294838,34482.233665656,10729.8246835557,60802.3398734825,2385.51198756606,865460.34535991,13145.8059122217,9259.25898683552,1000100,1.93963438002594,112231.794213209,0.85589344356347,865460.34535991,13145.8059122217,9259.25898683552,7.73148148148149e-07,0.9,5,0.2,3.7,0.935,15,0.86,0.85,2.5,12.5,12.5,0.124,12.5,12.5,1,10000,0.8,12.5,150,0,97.145758236182,0.00611060670605486,0.0549954603544938,0.0524225552146328,0.471802952900485,308.083820173248,1745.80831431507,334.354533521354,740.741013164481,6723.03692750962
85,0.798503980901719,0.15304232505395,1.37738080115274,3584.79933054023,32258.7761732355,10191.1800592561,57750.0203357843,1800.93588119567,872012.668422603,13240.0313383272,9259.25953195044,1000100,1.53042312620669,105585.711780012,0.798503980901719,872012.668422603,13240.0313383272,9259.25953195044,7.73148148148149e-07,0.9,5,0.2,3.7,0.935,15,0.86,0.85,2.5,12.5,12.5,0.124,12.5,12.5,1,10000,0.8,12.5,150,0,91.3467675870197,0.00538597879600609,0.0484738091640549,0.0413627905551217,0.372265081392632,288.218190625861,1633.23641354654,312.79493556295,740.74046804956,6384.08705758426
86,0.747832279355597,0.121225767344031,1.09103181120875,3353.64044919661,30178.6311584602,9675.48692440709,54827.7592383068,1241.26947481125,878233.411876576,13328.5818181026,9259.25897028171,1000100,1.21225757855278,99276.7872451819,0.747832279355597,878233.411876576,13328.5818181026,9259.25897028171,7.73148148148149e-07,0.9,5,0.2,3.7,0.935,15,0.86,0.85,2.5,12.5,12.5,0.124,12.5,12.5,1,10000,0.8,12.5,150,0,85.7948723782833,0.00476396623897366,0.0428756961507629,0.0327637209037923,0.294873462488851,269.632995997168,1527.92031065062,292.624956896151,740.741029718291,6059.81360654611
87,0.702938854391826,0.09643956319712,0.867955996358418,3137.38235094125,28232.5748163094,9182.17067695593,52032.3005027502,707.018648706901,884137.056409173,13411.7014383413,9258.12782240806,1000100,0.964395559555538,93291.4469956637,0.702938854391826,884137.056409173,13411.7014383413,9258.12782240806,7.73148148148149e-07,0.9,5,0.2,3.7,0.935,15,0.86,0.85,2.5,12.5,12.5,0.124,12.5,12.5,1,10000,0.8,12.5,150,0,80.4861273938029,0.00422781533781239,0.0380503380403115,0.0260647468100324,0.234582701718491,252.245825581863,1429.39301163055,273.755159546207,707.0186487069,5749.81976572997
88,0.663027781907527,0.0770882397316383,0.693794102319052,2935.06565730335,26411.9739256147,8710.62428914863,49360.2043051755,401.08873163759,889737.519910241,13489.787300991,9052.30196976402,1000100,0.77088234205069,87818.9569088797,0.663027781907527,889737.519910241,13489.787300991,9052.30196976402,7.73148148148149e-07,0.9,5,0.2,3.7,0.935,15,0.86,0.85,2.5,12.5,12.5,0.124,12.5,12.5,1,10000,0.8,12.5,150,0,75.8178686498922,0.00376585605505229,0.0338927044954706,0.0208346593869293,0.18751191954569,235.979545286244,1337.21742328871,256.101832093598,401.08873163759,5453.29017986748
89,0.627415127499087,0.0619443976597683,0.557499536760618,2745.79249719783,24708.74875525,8260.21570574483,46807.8889992207,286.814512209587,895048.012092578,13563.519906418,8677.76067231969,1000100,0.619443934420387,82809.4604696229,0.627415127499087,895048.012092578,13563.519906418,8677.76067231969,7.73148148148149e-07,0.9,5,0.2,3.7,0.935,15,0.86,0.85,2.5,12.5,12.5,0.124,12.5,12.5,1,10000,0.8,12.5,150,0,71.7119086566481,0.00336603921454812,0.0302943529309331,0.0167417290972347,0.150675550475843,220.761966210933,1250.98447519529,239.586629996361,286.814512209587,5169.87216126354
90,0.595535637046425,0.0500609146647513,0.45054819979418,2568.72262337026,23115.3381170666,7830.29437097703,44371.6681022032,238.295311812707,900081.57492568,13633.3118249685,8259.69857917012,1000100,0.500609114458931,78124.3185254298,0.595535637046425,900081.57492568,13633.3118249685,8259.69857917012,7.73148148148149e-07,0.9,5,0.2,3.7,0.935,15,0.86,0.85,2.5,12.5,12.5,0.124,12.5,12.5,1,10000,0.8,12.5,150,0,67.9128574174762,0.00301771258908653,0.0271594133017788,0.0135299769364193,0.121769783728157,206.525532413853,1170.31135034517,224.136236728212,238.295311812706,4899.38124825746
91,0.566916168884741,0.040706951980092,0.366362543255365,2403.06976081489,21624.6665062655,7420.19695759373,42047.7827596978,212.732286518869,904850.96592561,13699.4171736322,7840.19464420302,1000100,0.407069495235457,73708.4482708908,0.566916168884741,904850.96592561,13699.4171736322,7840.19464420302,7.73148148148149e-07,0.9,5,0.2,3.7,0.935,15,0.86,0.85,2.5,12.5,12.5,0.124,12.5,12.5,1,10000,0.8,12.5,150,0,64.3300889786623,0.0027128494482101,0.0244156450338909,0.0110018789135384,0.099016903582531,193.207027323593,1094.83982150036,209.682045157388,212.73228651887,4641.46263335309
92,0.54115531975629,0.0333184984133671,0.2998664669726,2248.09817569065,20230.1132259556,7029.25238338274,39832.4301725022,195.551092183342,909368.553356509,13762.0323482054,7433.0949052863,1000100,0.333184965385967,69535.4450497144,0.54115531975629,909368.553356509,13762.0323482054,7433.0949052863,7.73148148148149e-07,0.9,5,0.2,3.7,0.935,15,0.86,0.85,2.5,12.5,12.5,0.124,12.5,12.5,1,10000,0.8,12.5,150,0,60.9289080028108,0.00244502192833873,0.0220051973550486,0.00900499957118029,0.0810449910736757,180.747297880637,1024.23468799028,196.159858165033,195.551092183342,4395.70295900602
93,0.517910018594872,0.0274600265645777,0.247140224773454,2103.11945409941,18925.4834001933,6656.78618521045,37721.7883828592,181.764397485965,913646.280730269,13821.3302213664,7042.65471824631,1000100,0.274600251338032,65588.9418198484,0.517910018594872,913646.280730269,13821.3302213664,7042.65471824631,7.73148148148149e-07,0.9,5,0.2,3.7,0.935,15,0.86,0.85,2.5,12.5,12.5,0.124,12.5,12.5,1,10000,0.8,12.5,150,0,57.6936106670635,0.00220893682558019,0.0198804314302217,0.00742162880123722,0.0667946553441769,169.090995551368,958.182308124418,183.509607575128,181.764397485965,4161.66982973903
94,0.496885578200976,0.0227949310146608,0.205154368212659,1967.48947979514,17704.9807771409,6302.12431572389,35712.037789102,169.643171247962,917695.656278392,13877.4717637183,6669.87159000277,1000100,0.22794929922732,61856.2755330099,0.496885578200976,917695.656278392,13877.4717637183,6669.87159000277,7.73148148148149e-07,0.9,5,0.2,3.7,0.935,15,0.86,0.85,2.5,12.5,12.5,0.124,12.5,12.5,1,10000,0.8,12.5,150,0,54.6149611970418,0.00200017655368582,0.0180015889831724,0.00616079216612454,0.0554471265439619,158.186333336023,896.389222237461,171.675090442195,169.643171247963,3938.92655920248
95,0.477827849722557,0.0190627850078209,0.17156505673708,1840.60560001652,16563.1822250908,5964.59642206181,33799.3797250169,158.567292774748,921527.752135611,13930.6100172199,6314.63812651714,1000100,0.190627841744901,58326.3312649608,0.477827849722557,921527.752135611,13930.6100172199,6314.63812651714,7.73148148148149e-07,0.9,5,0.2,3.7,0.935,15,0.86,0.85,2.5,12.5,12.5,0.124,12.5,12.5,1,10000,0.8,12.5,150,0,51.6859557163656,0.00181502674341396,0.0163352406907256,0.00515210405616781,0.0463689342532648,147.984857901688,838.580861442897,160.60372175377,158.567292774748,3727.03831683542
96,0.4605168572796,0.0160618543405649,0.144556682705327,1721.90396872523,15495.0138249154,5643.53866059431,31980.0524100344,148.295206980015,925153.207873378,13980.8914875538,5976.47543242467,1000100,0.160618537045892,54988.8040712494,0.4605168572796,925153.207873378,13980.8914875538,5976.47543242467,7.73148148148149e-07,0.9,5,0.2,3.7,0.935,15,0.86,0.85,2.5,12.5,12.5,0.124,12.5,12.5,1,10000,0.8,12.5,150,0,48.9003974849639,0.00165034847675322,0.014853136290779,0.00434104171366618,0.0390693737041423,138.441235978665,784.500337212433,150.246302612504,148.295206980015,3525.57518309015
97,0.44476156070967,0.0136356511826021,0.122720855789827,1610.85705655054,14495.72846266,5338.29609712127,30250.3445503538,138.715928867987,928582.236402523,14028.4566724365,5654.78371141867,1000100,0.13635650697243,51833.9420955537,0.44476156070967,928582.236402523,14028.4566724365,5654.78371141867,7.73148148148149e-07,0.9,5,0.2,3.7,0.935,15,0.86,0.85,2.5,12.5,12.5,0.124,12.5,12.5,1,10000,0.8,12.5,150,0,46.252425548189,0.00150347832878906,0.0135313049591016,0.00368531113043299,0.0331677988621155,129.513054159972,733.90730690651,140.556802964311,138.715928867988,3334.11400138933
98,0.430395521995343,0.0116626093750547,0.104963480671366,1506.9713222032,13560.8848751554,5048.22473313817,28606.6068211163,129.764732793656,931824.631410231,14073.4403077115,5348.92877603848,1000100,0.11662609004642,48852.4524844067,0.430395521995343,931824.631410231,14073.4403077115,5348.92877603848,7.73148148148149e-07,0.9,5,0.2,3.7,0.935,15,0.86,0.85,2.5,12.5,12.5,0.124,12.5,12.5,1,10000,0.8,12.5,150,0,43.7363649159544,0.00137214816220973,0.0123493334598876,0.00315205658785261,0.0283685082895583,121.160631682961,686.57691287011,131.492158415616,129.764732793656,3152.23968365286
99,0.417273283776605,0.0100481169056703,0.0904330493241457,1409.78502584853,12686.3279730841,4772.69320751859,27045.261509272,121.394278659014,934889.775955452,14115.9715274547,5058.27276826039,1000100,0.100481166229816,46035.4619943822,0.417273283776605,934889.775955452,14115.9715274547,5058.27276826039,7.73148148148149e-07,0.9,5,0.2,3.7,0.935,15,0.86,0.85,2.5,12.5,12.5,0.124,12.5,12.5,1,10000,0.8,12.5,150,0,41.3466839332118,0.00125441988550365,0.0112897789695329,0.00271570727180278,0.0244413646822015,113.346844624417,642.298786205032,123.012079437352,121.394278659014,2979.54621349229
100,0.405267400364151,0.00871844749969264,0.078466025339786,1318.86628496572,11868.1713461212,4511.08426175128,25562.8108165905,113.564821180776,937786.650494956,14156.173982151,4782.18554040976,1000100,0.0871844728394786,43374.4975306095,0.405267400364151,937786.650494956,14156.173982151,4782.18554040976,7.73148148148149e-07,0.9,5,0.2,3.7,0.935,15,0.86,0.85,2.5,12.5,12.5,0.124,12.5,12.5,1,10000,0.8,12.5,150,0,39.0779874748051,0.00114863223949112,0.0103376901554201,0.00235633716207909,0.0212070338756178,106.03696959157,600.876161018895,115.078881727285,113.564821180777,2815.63747745449
101,0.394265733036544,0.00761588484826924,0.0685429619878799,1233.81086058634,11102.777341817,4262.79571689377,24155.8423957314,106.240679197548,940523.847301646,14194.166033434,4520.04924611353,1000100,0.0761588468361491,40861.466994226,0.394265733036544,940523.847301646,14194.166033434,4520.04924611353,7.73148148148149e-07,0.9,5,0.2,3.7,0.935,15,0.86,0.85,2.5,12.5,12.5,0.124,12.5,12.5,1,10000,0.8,12.5,150,0,36.9250183547966,0.00105335625986638,0.00948020633879744,0.00205834725628898,0.0185251248615892,99.1985057355255,562.124865834644,107.657293046307,106.240679197547,2660.12777355718
102,0.384169378221477,0.00669519458850345,0.0602567500399801,1154.2404755498,10386.7419319757,4027.24141713918,22821.034697122,99.3889913522132,943109.579879216,14230.0608776778,4271.2606086438,1000100,0.0669519446284835,38488.6475131389,0.384169378221477,943109.579879216,14230.0608776778,4271.2606086438,7.73148148148149e-07,0.9,5,0.2,3.7,0.935,15,0.86,0.85,2.5,12.5,12.5,0.124,12.5,12.5,1,10000,0.8,12.5,150,0,34.8826629844112,0.000967359252334796,0.00870623327101317,0.00180951205094688,0.0162856081189135,92.8010395389128,525.872557387172,100.714306476339,99.3889913522135,2512.64231792211
103,0.374891110265481,0.00592105519562416,0.0532894958016697,1079.80162179115,9716.8839797193,3803.85223564902,21555.1626686778,92.9792269558223,945551.687067195,14263.9665966954,4035.23250165552,1000100,0.0592105509972938,36248.6797327931,0.374891110265481,945551.687067195,14263.9665966954,4035.23250165552,7.73148148148149e-07,0.9,5,0.2,3.7,0.935,15,0.86,0.85,2.5,12.5,12.5,0.124,12.5,12.5,1,10000,0.8,12.5,150,0,32.94595906454,0.000889575442171359,0.00800617897954223,0.00160028518800653,0.0144025664328837,86.8161489217456,491.958177223225,94.2190763491812,92.979226955822,2372.81780917706
104,0.366353546791866,0.0052655103352091,0.0473895922850413,1010.16341024328,9090.22589126224,3592.07630205265,20355.099044965,86.9828399684713,947857.652542181,14295.9864185737,3811.39454210418,1000100,0.0526551026202504,34134.5474884917,0.366353546791866,947857.652542181,14295.9864185737,3811.39454210418,7.73148148148149e-07,0.9,5,0.2,3.7,0.935,15,0.86,0.85,2.5,12.5,12.5,0.124,12.5,12.5,1,10000,0.8,12.5,150,0,31.110096858626,0.000819079901495293,0.00737171911345764,0.00142311090140787,0.012807997914876,81.2172303734059,460.230972115967,88.1427306378048,86.9828399684711,2240.30247510846
105,0.358487894714702,0.00470646296931205,0.0423581661652934,945.016215797757,8503.9814222313,3391.37940639448,19217.8166362354,81.3731635374579,950034.615115392,14326.2188537873,3599.19363409997,1000100,0.0470646291346055,32139.5668441964,0.358487894714702,950034.615115392,14326.2188537873,3599.19363409997,7.73148148148149e-07,0.9,5,0.2,3.7,0.935,15,0.86,0.85,2.5,12.5,12.5,0.124,12.5,12.5,1,10000,0.8,12.5,150,0,29.3704224625089,0.000755067827415285,0.00679561044673756,0.00127201701873299,0.0114481530176469,75.9793900073917,430.549876708553,82.4582527212002,81.3731635374579,2114.75626119034
106,0.351232919165843,0.00422643138116802,0.0380378820042605,884.070435179169,7955.54450006782,3201.24529819664,18140.3900231143,76.1252784555652,952089.378715059,14354.7578276812,3398.09442501366,1000100,0.0422643133854285,30257.3755350135,0.351232919165843,952089.378715059,14354.7578276812,3398.09442501366,7.73148148148149e-07,0.9,5,0.2,3.7,0.935,15,0.86,0.85,2.5,12.5,12.5,0.124,12.5,12.5,1,10000,0.8,12.5,150,0,27.7224401191876,0.000696837238886921,0.00627153514998229,0.00114227875166703,0.0102805086498001,71.0793436943211,402.782947601153,77.1403730015888,76.125278455565,1995.85095991596
107,0.344533948498946,0.00381147464687618,0.0343032714965664,827.055132513574,7442.47703581484,3021.17578632808,17119.9961225258,71.2158193254037,954028.424997758,14381.6928493418,3207.57960769733,1000100,0.0381147461434426,28481.9198965077,0.344533948498946,954028.424997758,14381.6928493418,3207.57960769733,7.73148148148149e-07,0.9,5,0.2,3.7,0.935,15,0.86,0.85,2.5,12.5,12.5,0.124,12.5,12.5,1,10000,0.8,12.5,150,0,26.161812694394,0.000643774128913515,0.00579396716022164,0.00103012828293951,0.00927115445853146,66.4953081655288,376.80674627133,72.1654507222793,71.2158193254036,1883.27021357183
108,0.338342031792705,0.00345042762189499,0.0310538483487859,773.716803002448,6962.49779870768,2850.69074191677,16153.914204195,66.6229573315343,955857.925532745,14407.1091749212,3027.14994087272,1000100,0.0345042759706809,26807.4425051535,0.338342031792705,955857.925532745,14407.1091749212,3027.14994087272,7.73148148148149e-07,0.9,5,0.2,3.7,0.935,15,0.86,0.85,2.5,12.5,12.5,0.124,12.5,12.5,1,10000,0.8,12.5,150,0,24.6843616674947,0.000595340008214957,0.00535806007393461,0.000932548005917564,0.00839293198615835,62.2069016123511,352.505775803323,67.5113660909237,66.6229573315345,1776.7094624852
109,0.33261330700664,0.0031343859663228,0.0282094735074335,723.818334346095,6513.47307026548,2689.32799896579,15239.5253274728,62.3263460730483,957583.752814415,14431.0879558546,2856.32419544021,1000100,0.0313438594737563,25228.4710771232,0.33261330700664,957583.752814415,14431.0879558546,2856.32419544021,7.73148148148149e-07,0.9,5,0.2,3.7,0.935,15,0.86,0.85,2.5,12.5,12.5,0.124,12.5,12.5,1,10000,0.8,12.5,150,0,23.2860661680581,0.000551061567377286,0.00495955410639558,0.000847131342249404,0.00762418202903607,58.1950601844816,329.772007712063,63.157429657577,62.3263460730482,1675.87583935474
110,0.327308346669098,0.00285613424760308,0.0257052080838266,677.137889734433,6093.40659258593,2536.64321378542,14374.311544784,58.3068260094203,959211.492363597,14453.706402336,2694.63929747863,1000100,0.0285613423314296,23739.8060668992,0.327308346669098,959211.492363597,14453.706402336,2694.63929747863,7.73148148148149e-07,0.9,5,0.2,3.7,0.935,15,0.86,0.85,2.5,12.5,12.5,0.124,12.5,12.5,1,10000,0.8,12.5,150,0,21.9630611788039,0.000510521687203018,0.00459469518482716,0.000771928175027858,0.00694735353616934,54.4419481823381,308.504373033249,59.084284849049,58.3068260094201,1580.48803547585
111,0.322391646682905,0.00260982242394986,0.0234884017051939,633.467941031063,5700.430868194,2392.20963219915,13555.8545824618,54.5464423043299,960746.454049932,14475.03793625,2541.65005775677,1000100,0.0260982241291438,22336.5094661904,0.322391646682905,960746.454049932,14475.03793625,2541.65005775677,7.73148148148149e-07,0.9,5,0.2,3.7,0.935,15,0.86,0.85,2.5,12.5,12.5,0.124,12.5,12.5,1,10000,0.8,12.5,150,0,20.7116355660166,0.000473351917167634,0.00426016725450871,0.000705357411878341,0.00634821667707944,50.9308803249787,288.608321841546,55.273823608504,54.54644230433,1490.27611645173
112,0.31783116745999,0.00239069032298124,0.0215162128226114,592.614336030907,5332.79876651061,2255.61780149371,12781.8342084644,51.0286571953393,962193.683500301,14495.1523451824,2396.92864675133,1000100,0.0239069031455926,21013.8937696949,0.31783116745999,962193.683500301,14495.1523451824,2396.92864675133,7.73148148148149e-07,0.9,5,0.2,3.7,0.935,15,0.86,0.85,2.5,12.5,12.5,0.124,12.5,12.5,1,10000,0.8,12.5,150,0,19.5282300199963,0.000439226036343527,0.00395303432709174,0.000646132519724661,0.00581519265475984,47.6462467575363,269.995398292706,51.7091050081789,51.0286571953393,1404.9813052034
113,0.313597950381571,0.00219483296437398,0.0197534966150912,554.395460975942,4988.87598752689,2126.47526231397,12050.0264864458,47.7377256415946,963557.972718671,14514.1159275233,2260.06488462163,1000100,0.0219483295794652,19767.5109229042,0.313597950381571,963557.972718671,14514.1159275233,2260.06488462163,7.73148148148149e-07,0.9,5,0.2,3.7,0.935,15,0.86,0.85,2.5,12.5,12.5,0.124,12.5,12.5,1,10000,0.8,12.5,150,0,18.4094331627219,0.000407854581727507,0.00367069123554756,0.000593198098479455,0.00533878286894358,44.5734457174113,252.58285906533,48.3742821739347,47.7377256415948,1324.35575850263
114,0.309665769864567,0.00201903293323486,0.0181712963500598,518.641429137978,4667.13376004938,2004.40618737614,11358.3017284648,44.6590269982141,964843.87085635,14531.991638083,2130.66551744101,1000100,0.0201903292832947,18593.1421320265,0.309665769864567,964843.87085635,14531.991638083,2130.66551744101,7.73148148148149e-07,0.9,5,0.2,3.7,0.935,15,0.86,0.85,2.5,12.5,12.5,0.124,12.5,12.5,1,10000,0.8,12.5,150,0,17.3519790942341,0.000378980139579803,0.00341082125621823,0.000545684576549963,0.00491116117569184,41.6988182962556,236.293303678782,45.2545314843084,44.6590269982139,1248.16231021466
115,0.306010816273006,0.00186061938349562,0.0167455744140228,485.193244898171,4366.14131944613,1889.05085459229,10704.6215093563,41.778883285155,966055.696488572,14548.8392557149,2008.35382712509,1000100,0.0186061937975184,17486.7858115781,0.306010816273006,966055.696488572,14548.8392557149,2008.35382712509,7.73148148148149e-07,0.9,5,0.2,3.7,0.935,15,0.86,0.85,2.5,12.5,12.5,0.124,12.5,12.5,1,10000,0.8,12.5,150,0,16.3527424942534,0.000352373256471965,0.00317135930824768,0.000502870103647465,0.00452583092270885,39.0095812318926,221.054293647391,42.3359796315113,41.7788832851552,1176.17411323328
116,0.302611459742633,0.0017173665337042,0.0154562987747651,453.902211619542,4084.56057922928,1780.06538733415,10087.0371948935,39.0844844122625,967197.545443328,14564.7154897358,1892.76942432248,1000100,0.0171736653084693,16444.6498574888,0.302611459742633,967197.545443328,14564.7154897358,1892.76942432248,7.73148148148149e-07,0.9,5,0.2,3.7,0.935,15,0.86,0.85,2.5,12.5,12.5,0.124,12.5,12.5,1,10000,0.8,12.5,150,0,15.4087362367928,0.000327829043920268,0.00295046139528241,0.000464153117217352,0.00417737804723381,36.4937793012154,206.798082706887,39.6056519548074,39.0844844122626,1108.17445513388
117,0.299448004375698,0.00158740559002836,0.0142866502884483,424.629199898452,3821.13954622026,1677.12120169103,9503.68680958252,36.5638530773148,968273.302247548,14579.6741362803,1783.56768364164,1000100,0.0158740558784767,15463.1406104696,0.299448004375698,968273.302247548,14579.6741362803,1783.56768364164,7.73148148148149e-07,0.9,5,0.2,3.7,0.935,15,0.86,0.85,2.5,12.5,12.5,0.124,12.5,12.5,1,10000,0.8,12.5,150,0,14.517106559907,0.000305164136596745,0.0027464772293707,0.000429028537845504,0.00386125683471576,34.1402264875405,193.461283429396,37.0514085911293,36.5638530773149,1043.95638851267
118,0.296502470871237,0.00146915492871916,0.0132223943418313,397.243949876832,3574.70604221983,1579.90441325407,8952.79167510638,34.2057718065792,969286.651546331,14593.7662345748,1680.41917281024,1000100,0.0146915492705504,14538.8518522637,0.296502470871237,969286.651546331,14593.7662345748,1680.41917281024,7.73148148148149e-07,0.9,5,0.2,3.7,0.935,15,0.86,0.85,2.5,12.5,12.5,0.124,12.5,12.5,1,10000,0.8,12.5,150,0,13.6751278117433,0.000284214060456114,0.00255792654410503,0.000397068899653828,0.00357362009238683,31.9384498864492,180.984549356546,34.6618835976968,34.2057718065792,983.322338125524
119,0.293758476573618,0.00136127822630366,0.0122515040240345,371.624780931662,3344.16509157125,1488.11581792309,8432.6563015642,31.9997638887088,970241.081114513,14607.0401074371,1583.00965091155,1000100,0.0136127822503382,13668.5617558789,0.293758476573618,970241.081114513,14607.0401074371,1583.00965091155,7.73148148148149e-07,0.9,5,0.2,3.7,0.935,15,0.86,0.85,2.5,12.5,12.5,0.124,12.5,12.5,1,10000,0.8,12.5,150,0,12.8802022474101,0.000264831158219804,0.00238348042397823,0.000367913034136124,0.00331121730379312,29.878666364796,169.312442733844,32.4264596207088,31.9997638887089,926.084076609773
120,0.291201047841904,0.00126263482266662,0.0113637133943081,347.657910332144,3128.49278991459,1401.47021773113,7941.66456714306,29.9360321982758,971139.893733307,14619.5415240803,1491.03939789752,1000100,0.0126263482169747,12849.2215173192,0.291201047841904,971139.893733307,14619.5415240803,1491.03939789752,7.73148148148149e-07,0.9,5,0.2,3.7,0.935,15,0.86,0.85,2.5,12.5,12.5,0.124,12.5,12.5,1,10000,0.8,12.5,150,0,12.1298541011216,0.00024688255452895,0.00222194299076055,0.000341252654774762,0.00307127389035354,27.951727780684,158.393124090542,30.3352084441531,29.9360321982758,872.062282797546
121,0.288816438787729,0.00117223451874671,0.0105501106613241,325.236710204351,2926.72961778431,1319.69554822068,7478.2747732505,28.0053937340184,971986.221192558,14631.313892447,1404.22233301711,1000100,0.0117223451800708,12077.9420431939,0.288816438787729,971986.221192558,14631.313892447,1404.22233301711,7.73148148148149e-07,0.9,5,0.2,3.7,0.935,15,0.86,0.85,2.5,12.5,12.5,0.124,12.5,12.5,1,10000,0.8,12.5,150,0,11.4217219406652,0.000230248337628376,0.00207223503865539,0.000316820140201813,0.00285138125981733,26.1490612433568,148.178013712355,28.378826155581,28.0053937340185,821.08597600507
122,0.286592055953084,0.00108922694571274,0.00980304250577025,304.261498534258,2737.97855989417,1242.53279937782,7041.01919647432,26.1992652415497,972783.026957378,14642.3982953886,1322.28594338555,1000100,0.010892269451483,11351.9913195221,0.286592055953084,972783.026957378,14642.3982953886,1322.28594338555,7.73148148148149e-07,0.9,5,0.2,3.7,0.935,15,0.86,0.85,2.5,12.5,12.5,0.124,12.5,12.5,1,10000,0.8,12.5,150,0,10.7535579579039,0.000214820226140003,0.00193338203526003,0.000294385661003443,0.00264947094750547,24.462652309823,138.62169642233,26.5486149098854,26.1992652415497,772.992458653625
123,0.284516339592439,0.00101287384995573,0.00911586464529358,284.63903528384,2561.40057080309,1169.73544291541,6628.50084318731,24.5096202483739,973533.115518046,14652.8336190413,1244.97070539626,1000100,0.0101287384952493,10668.785512438,0.284516339592439,973533.115518046,14652.8336190413,1244.97070539626,7.73148148148149e-07,0.9,5,0.2,3.7,0.935,15,0.86,0.85,2.5,12.5,12.5,0.124,12.5,12.5,1,10000,0.8,12.5,150,0,10.1232229508886,0.00020050024750701,0.00180450222756309,0.000273749689177224,0.0024637472014307,22.885004472545,129.681692011088,24.8364389624519,24.5096202483739,727.626944281943
124,0.282578656571298,0.000942527805769655,0.00848275024863897,266.282066723215,2396.21047446605,1101.06891068108,6239.39049385947,22.9289442039779,974239.140873294,14662.656669325,1172.02956351193,1000100,0.00942527805440863,10025.8808899338,0.282578656571298,974239.140873294,14662.656669325,1172.02956351193,7.73148148148149e-07,0.9,5,0.2,3.7,0.935,15,0.86,0.85,2.5,12.5,12.5,0.124,12.5,12.5,1,10000,0.8,12.5,150,0,9.52868174253411,0.000187199590255986,0.00168479631230387,0.00025473724480261,0.00229263520233486,21.4091025237029,121.318247634316,23.234684909445,22.9289442039778,684.842218916469
125,0.280769221423386,0.000877621673755082,0.00789859506128657,249.108971920212,2241.67378307586,1036.31015447468,5872.42420868983,21.4502065663595,974903.613383239,14671.9022661354,1103.22748046042,1000100,0.00877621673504166,9420.96732472694,0.280769221423386,974903.613383239,14671.9022661354,1103.22748046042,7.73148148148149e-07,0.9,5,0.2,3.7,0.935,15,0.86,0.85,2.5,12.5,12.5,0.124,12.5,12.5,1,10000,0.8,12.5,150,0,8.96799933407219,0.000174837630338684,0.00157353867304816,0.000237195046960833,0.00213475542196934,20.0283841329234,113.494176753233,21.7362308419324,21.4502065663596,644.498356619547
126,0.279079020501316,0.000817656255371332,0.00735890629642706,233.043405098135,2097.10347872382,975.247187928013,5526.40073159207,20.0668376035459,975528.906800218,14680.6033400047,1038.34096324856,1000100,0.00817656255179839,8851.86164094558,0.279079020501316,975528.906800218,14680.6033400047,1038.34096324856,7.73148148148149e-07,0.9,5,0.2,3.7,0.935,15,0.86,0.85,2.5,12.5,12.5,0.124,12.5,12.5,1,10000,0.8,12.5,150,0,8.43933691336776,0.00016334106403016,0.00147006957627144,0.000220988177127387,0.00198889359362893,18.7367110928123,106.174696192603,20.3344151394862,20.066837603546,606.462423879636
127,0.277499738947121,0.000762188570654814,0.0068596971344319,218.013940022027,1961.85681331429,917.678615664714,5200.17882210005,18.7726877189593,976117.265376812,14688.791029896,977.157592847398,1000100,0.00762188570508671,8316.50087882003,0.277499738947121,976117.265376812,14688.791029896,977.157592847398,7.73148148148149e-07,0.9,5,0.2,3.7,0.935,15,0.86,0.85,2.5,12.5,12.5,0.124,12.5,12.5,1,10000,0.8,12.5,150,0,7.94094771900903,0.000152643135687297,0.00137378822118567,0.000205996910987788,0.00185397219849511,17.5283407275773,99.327264122938,19.0230054407816,18.7726877189593,570.608176345271
128,0.276023699426307,0.000710824947583085,0.00639742452713246,203.953756472024,1835.33248721134,863.41318900379,4892.67473768814,17.5619941536495,976670.810355654,14696.4947725597,919.475575307828,1000100,0.00710824947471554,7812.93616452894,0.276023699426307,976670.810355654,14696.4947725597,919.475575307828,7.73148148148149e-07,0.9,5,0.2,3.7,0.935,15,0.86,0.85,2.5,12.5,12.5,0.124,12.5,12.5,1,10000,0.8,12.5,150,0,7.47117314764713,0.00014268296445304,0.00128414668007736,0.000192114850698131,0.00172903365598175,16.3979006854579,92.921437217595,17.7961712865435,17.5619941536495,536.815773600587
129,0.274643806432054,0.000663214123891711,0.00596892711417423,190.800343200316,1716.96797621747,812.269370180506,4602.8597643562,16.4293835498633,977191.546231562,14703.7423887272,865.103266258438,1000100,0.00663214123806594,7339.32683750435,0.274643806432054,977191.546231562,14703.7423887272,865.103266258438,7.73148148148149e-07,0.9,5,0.2,3.7,0.935,15,0.86,0.85,2.5,12.5,12.5,0.124,12.5,12.5,1,10000,0.8,12.5,150,0,7.02843900584161,0.000133404948331052,0.00120064453497947,0.000179247060511273,0.00161322354437141,15.3403650564384,86.9287353198177,16.6484582007859,16.4293835498632,504.971499792569
130,0.273353496835308,0.000619041474340217,0.00557137326841236,178.495223441979,1606.23706150928,764.074914215519,4329.75784722127,15.3698181613818,977681.366656103,14710.5601645257,813.858770909725,1000100,0.00619041474275258,6893.93486454943,0.273353496835308,977681.366656103,14710.5601645257,813.858770909725,7.73148148148149e-07,0.9,5,0.2,3.7,0.935,15,0.86,0.85,2.5,12.5,12.5,0.124,12.5,12.5,1,10000,0.8,12.5,150,0,6.61125180210048,0.000124758238154996,0.00112282414339496,0.000167308506578437,0.00150577655903037,14.3510323032931,81.3225163853275,15.574763740008,15.3698181613818,474.967496139987
131,0.2721466952963,0.000578024395652121,0.00520221956037332,166.983700783596,1502.64754276837,718.666473003866,4072.44334702191,14.3785871100805,978142.059971521,14716.972927725,765.569523126674,1000100,0.00578024395602544,6475.11965068782,0.2721466952963,978142.059971521,14716.972927725,765.569523126674,7.73148148148149e-07,0.9,5,0.2,3.7,0.935,15,0.86,0.85,2.5,12.5,12.5,0.124,12.5,12.5,1,10000,0.8,12.5,150,0,6.21819531966528,0.000116696273085057,0.00105026645776551,0.000156222809635708,0.00140600528658738,13.4255048294014,76.077860699941,14.5703153187302,14.3785871100805,446.701507823395
132,0.271017769929899,0.000539908073725306,0.00485917266314939,156.214587240265,1405.73879120942,675.889124895889,3830.03837441004,13.4512833958614,978575.315489725,14723.0041343856,720.0717978865,1000100,0.00539908073687469,6081.33216115147,0.271017769929899,978575.315489725,14723.0041343856,720.0717978865,7.73148148148149e-07,0.9,5,0.2,3.7,0.935,15,0.86,0.85,2.5,12.5,12.5,0.124,12.5,12.5,1,10000,0.8,12.5,150,0,5.84792651931421,0.000109176350485184,0.000982587154366653,0.00014592110100684,0.00131328990895929,12.5596671161139,71.1714469913121,13.6306464826042,13.4512833958614,420.076584567697
133,0.269961505805572,0.000504462631044559,0.00454016367911223,146.140057632041,1315.08043914767,635.596189701293,3601.71174164066,12.5837884730169,978982.72634328,14728.6759080612,677.210525931488,1000100,0.00504462631015679,5711.11221659468,0.269961505805572,978982.72634328,14728.6759080612,677.210525931488,7.73148148148149e-07,0.9,5,0.2,3.7,0.935,15,0.86,0.85,2.5,12.5,12.5,0.124,12.5,12.5,1,10000,0.8,12.5,150,0,5.49917391544461,0.000102159298447662,0.000919433686028962,0.000136341251633665,0.00122707126462493,11.7496740146057,66.5814860827654,12.7515842018976,12.5837884730169,395.000961230317
134,0.268973048695606,0.000471479007253422,0.00424331106506037,136.715251426932,1230.26879707655,597.648390900583,3386.6742151033,11.7722398177353,979365.799818154,14734.009182708,636.838416973596,1000100,0.00471479007231379,5363.07889432511,0.268973048695606,979365.799818154,14734.009182708,636.838416973596,7.73148148148149e-07,0.9,5,0.2,3.7,0.935,15,0.86,0.85,2.5,12.5,12.5,0.124,12.5,12.5,1,10000,0.8,12.5,150,0,5.17073029609439,9.56090516476362e-05,0.000860481464828726,0.000127426758717141,0.00114684082839469,10.9919187340165,62.2875394927603,11.9292141299404,11.7722398177353,371.387528271038
135,0.268047898660784,0.000440767904727831,0.00396691114238223,127.898267303185,1150.92680473499,561.91397038034,3184.17916548859,11.0130294915189,979725.956530319,14739.0236910545,598.816085649935,1000100,0.00440767904711006,5035.93123739863,0.268047898660784,979725.956530319,14739.0236910545,598.816085649935,7.73148148148149e-07,0.9,5,0.2,3.7,0.935,15,0.86,0.85,2.5,12.5,12.5,0.124,12.5,12.5,1,10000,0.8,12.5,150,0,4.86145370827375,8.94924561251833e-05,0.00080543210512665,0.000119126460737252,0.00107213814658979,10.283032404259,58.2705169574677,11.1598801286532,11.013029491519,349.153901684722
136,0.267181863722992,0.000412156435910066,0.00370940792306221,119.649818337239,1076.70092822384,528.267940895622,2993.51833174186,10.3027742788932,980064.539542256,14743.7380907344,563.011270103952,1000100,0.00412156435897228,4728.43979347745,0.267181863722992,980064.539542256,14743.7380907344,563.011270103952,7.73148148148149e-07,0.9,5,0.2,3.7,0.935,15,0.86,0.85,2.5,12.5,12.5,0.124,12.5,12.5,1,10000,0.8,12.5,150,0,4.57026096039159,8.37789262351146e-05,0.000754010336116031,0.000111393631327045,0.00100254268190871,9.61985635309766,54.5125193342201,10.4401541816564,10.3027742788931,328.221950969666
137,0.266371065048405,0.00038548799711224,0.0034693919739122,111.933315463073,1007.26191103723,496.592414084037,2814.02367980954,9.63832363419495,980382.811032082,14748.1699179219,529.2991800229,1000100,0.00385487997102444,4439.44964402808,0.266371065048405,980382.811032082,14748.1699179219,529.2991800229,7.73148148148149e-07,0.9,5,0.2,3.7,0.935,15,0.86,0.85,2.5,12.5,12.5,0.124,12.5,12.5,1,10000,0.8,12.5,150,0,4.29613046311295,7.84403399281037e-05,0.000705963059352933,0.00010418594516547,0.000937673506462756,8.99944881628894,50.9968766256373,9.76684367659265,9.63832363419499,308.518003322442
138,0.265611889264002,0.000360619205920757,0.00324557285321204,104.714488994741,942.30136823178,466.775729731884,2645.06246848068,9.01672694134743,980681.962683957,14752.3357311855,497.561584395582,1000100,0.0036061920591328,4167.87078238043,0.265611889264002,980681.962683957,14752.3357311855,497.561584395582,7.73148148148149e-07,0.9,5,0.2,3.7,0.935,15,0.86,0.85,2.5,12.5,12.5,0.124,12.5,12.5,1,10000,0.8,12.5,150,0,4.0380946650215,7.34507186115429e-05,0.000661056467503886,9.74646502488531e-05,0.000877181852219471,8.41905450795846,47.7079755450979,9.13695838073011,9.01672694134743,289.972294813586
139,0.264900966294749,0.000337418231247168,0.00303676408116745,97.9612237612414,881.530302843567,438.712112104573,2486.03530192591,8.435218712562,980963.119941848,14756.2511703164,467.686453338913,1000100,0.00337418231241462,3912.67415934786,0.264900966294749,980963.119941848,14756.2511703164,467.686453338913,7.73148148148149e-07,0.9,5,0.2,3.7,0.935,15,0.86,0.85,2.5,12.5,12.5,0.124,12.5,12.5,1,10000,0.8,12.5,150,0,3.79523706332623,6.8786032218561e-05,0.000619074289967049,9.11941165532885e-05,0.000820747048964175,7.87609136542927,44.6311844040992,8.54769605550463,8.435218712562,272.518753105185
140,0.264235158821219,0.000315764530758407,0.00284188077678212,91.6434910917297,824.678493838881,412.301553264176,2336.37546849699,7.89121296431577,981227.343572554,14759.9309778957,439.567837089829,1000100,0.00315764530754053,3672.8902196561,0.264235158821219,981227.343572554,14759.9309778957,439.567837089829,7.73148148148149e-07,0.9,5,0.2,3.7,0.935,15,0.86,0.85,2.5,12.5,12.5,0.124,12.5,12.5,1,10000,0.8,12.5,150,0,3.56669118775089,6.44240647516963e-05,0.000579816582765267,8.53417650698398e-05,0.000768075885616789,7.36814508082704,41.7528221246866,7.99643652182779,7.8912129643158,256.09492315884
141,0.263611544185603,0.000295547457529213,0.00265992711772969,85.7332059360816,771.49321037536,387.449508123749,2195.54721270124,7.38229163327147,981475.63340653,14763.3890510405,413.105546640565,1000100,0.0029554745752589,3447.6054287697,0.263611544185603,981475.63340653,14763.3890510405,413.105546640565,7.73148148148149e-07,0.9,5,0.2,3.7,0.935,15,0.86,0.85,2.5,12.5,12.5,0.124,12.5,12.5,1,10000,0.8,12.5,150,0,3.35163795114157,6.03442564643998e-05,0.000543098308179599,7.98776912241117e-05,0.000718899221008023,6.89295761356031,39.0600931435084,7.48072919301118,7.38229163327145,240.641774580781
142,0.263027397018053,0.000276665160907751,0.0024899864481444,80.2040893545682,721.737974378529,364.066591618002,2063.04401916867,6.90619216792744,981708.932009554,14766.6384922139,388.20483749502,1000100,0.00276665160905215,3235.9588666877,0.263027397018053,981708.932009554,14766.6384922139,388.20483749502,7.73148148148149e-07,0.9,5,0.2,3.7,0.935,15,0.86,0.85,2.5,12.5,12.5,0.124,12.5,12.5,1,10000,0.8,12.5,150,0,3.14930301666632,5.65275593435025e-05,0.000508748034091523,7.47743678129057e-05,0.000672969310309296,6.44841613447783,36.5410247620411,6.99828107617749,6.90619216792743,226.10351049548
143,0.262480175267573,0.000259023879669167,0.00233121491700315,75.031556359943,675.191551258792,342.068325493162,1938.38717779458,6.46079708305105,981928.127724947,14769.6916513368,364.776145312628,1000100,0.00259023879667232,3037.13940798953,0.262480175267573,981928.127724947,14769.6916513368,364.776145312628,7.73148148148149e-07,0.9,5,0.2,3.7,0.935,15,0.86,0.85,2.5,12.5,12.5,0.124,12.5,12.5,1,10000,0.8,12.5,150,0,2.95895459626489,5.29563136685669e-05,0.000476606823017102,7.00064539646398e-05,0.000630058085676527,6.03254400836225,34.1844160473861,6.54694698581949,6.46079708305103,212.42740785809
144,0.261967507422122,0.000242537219203393,0.00218283497281577,70.1926107311388,631.64700336433,321.37489621331,1821.12441187542,6.0441261295374,982134.057562029,14772.5601657758,342.734831001187,1000100,0.00242537219201916,2850.38304831374,0.261967507422122,982134.057562029,14772.5601657758,342.734831001187,7.73148148148149e-07,0.9,5,0.2,3.7,0.935,15,0.86,0.85,2.5,12.5,12.5,0.124,12.5,12.5,1,10000,0.8,12.5,150,0,2.77990135003043,4.96141362789018e-05,0.000446527226510117,6.55505997847009e-05,0.000589955398058316,5.64349233694167,31.9797899093361,6.12472036567313,6.0441261295374,199.56366486194
145,0.26148717984555,0.000227125411054835,0.00204412869948224,65.665739106678,590.910736952309,301.910908236955,1710.82848000941,5.65432783288515,982327.510127084,14775.2550009266,322.000921416524,1000100,0.00227125411053707,2674.97019213824,0.26148717984555,982327.510127084,14775.2550009266,322.000921416524,7.73148148148149e-07,0.9,5,0.2,3.7,0.935,15,0.86,0.85,2.5,12.5,12.5,0.124,12.5,12.5,1,10000,0.8,12.5,150,0,2.61149024446375,4.64858162006572e-05,0.000418372345805915,6.13852462310364e-05,0.000552467216076281,5.27953144399031,29.9173448492784,5.72972404774142,5.65432783288514,187.465245484787
146,0.261037125492242,0.000212714747055583,0.00191443272349164,61.430815172079,552.8016399936,283.605154509306,1607.09587555273,5.28966852169289,982509.228323109,14777.786487613,302.498871255848,1000100,0.00212714747054722,2510.22315374941,0.261037125492242,982509.228323109,14777.786487613,302.498871255848,7.73148148148149e-07,0.9,5,0.2,3.7,0.935,15,0.86,0.85,2.5,12.5,12.5,0.124,12.5,12.5,1,10000,0.8,12.5,150,0,2.4531045540216,4.3557221141534e-05,0.000392014990273806,5.74904721771845e-05,0.000517414249592335,4.93904317198723,27.9879113079276,5.36020189207916,5.28966852169287,176.087735005529
147,0.260615413585963,0.000199237057056039,0.00179313351349778,57.4690105058008,517.150279896157,266.390398633434,1509.54559225613,4.9485261297525,982679.911894602,14780.1643573396,284.157332852269,1000100,0.00199237057055382,2355.50380742127,0.260615413585963,982679.911894602,14780.1643573396,284.157332852269,7.73148148148149e-07,0.9,5,0.2,3.7,0.935,15,0.86,0.85,2.5,12.5,12.5,0.124,12.5,12.5,1,10000,0.8,12.5,150,0,2.30416197272275,4.08152127301562e-05,0.000367336914571406,5.38478532583889e-05,0.000484630679323725,4.62051371412214,26.1829110466921,5.01451100757442,4.94852612975251,165.389202942079
148,0.26022024010949,0.000186629225994588,0.00167966303394628,53.7627111013948,483.798152307245,250.203167040517,1417.81794656293,4.62938502173208,982840.219839921,14782.3977757155,266.908935797434,1000100,0.00186629225994086,2210.21136203382,0.26022024010949,982840.219839921,14782.3977757155,266.908935797434,7.73148148148149e-07,0.9,5,0.2,3.7,0.935,15,0.86,0.85,2.5,12.5,12.5,0.124,12.5,12.5,1,10000,0.8,12.5,150,0,2.16411281390402,3.82475693427516e-05,0.000344228124084765,5.04403313498885e-05,0.000453962982147642,4.32252690266888,24.4943191151236,4.69111446801273,4.62938502173211,155.330072348009
149,0.259849919082711,0.000174832773638056,0.00157349496273868,50.29543997562,452.596984681857,234.983553642818,1331.57347064263,4.33082615788106,982990.772668142,14784.4953737378,250.690084772309,1000100,0.00174832773637673,2073.78027510081,0.259849919082711,982990.772668142,14784.4953737378,250.690084772309,7.73148148148149e-07,0.9,5,0.2,3.7,0.935,15,0.86,0.85,2.5,12.5,12.5,0.124,12.5,12.5,1,10000,0.8,12.5,150,0,2.03243830823922,3.58429161799871e-05,0.000322586245619884,4.72521009832582e-05,0.000425268908848291,4.04375798667077,22.9146285911344,4.38857455917758,4.33082615788106,145.872997015861
150,0.259502874140311,0.000163793457763935,0.00147414111987249,47.0517811635688,423.408052332499,220.675022260205,1250.49179280783,4.05152204973524,983132.154659284,14786.4652791222,235.440750170643,1000100,0.00163793457763643,1945.67817061384,0.259502874140311,983132.154659284,14786.4652791222,235.440750170643,7.73148148148149e-07,0.9,5,0.2,3.7,0.935,15,0.86,0.85,2.5,12.5,12.5,0.124,12.5,12.5,1,10000,0.8,12.5,150,0,1.90864889208759,3.35906595205049e-05,0.000302315935684545,4.42685020983607e-05,0.000398416518884457,3.78296752114188,21.4368159531373,4.10554614697568,4.05152204973524,136.982737369468
