"maxI","maxI.time","etiquette","Cgg.multiplier","Cgq.multiplier","lambda.multiplier","beta.multiplier","sigma.multiplier"
9860.79770709232,78,"Cgg.multiplier= 1.82567544485183 , Cgq.multiplier= 1.06773782465507 , lambda.multiplier= 0.509947092014719 , beta.multiplier= 0.778800783071405 , sigma.multiplier= 0.472586985070301",1.82567544485183,1.06773782465507,0.509947092014719,0.778800783071405,0.472586985070301
10400.3364953613,78,"Cgg.multiplier= 1.84916590772491 , Cgq.multiplier= 1.035535981143 , lambda.multiplier= 0.426363800338685 , beta.multiplier= 0.778800783071405 , sigma.multiplier= 0.48435806118379",1.84916590772491,1.035535981143,0.426363800338685,0.778800783071405,0.48435806118379
3605.79138013893,79,"Cgg.multiplier= 1.16253735814218 , Cgq.multiplier= 0.7199270890724 , lambda.multiplier= 0.61793730877127 , beta.multiplier= 0.778800783071405 , sigma.multiplier= 0.574149338359754",1.16253735814218,0.7199270890724,0.61793730877127,0.778800783071405,0.574149338359754
9003.12936510202,79,"Cgg.multiplier= 1.73669141475528 , Cgq.multiplier= 0.939367766588554 , lambda.multiplier= 0.434547234808765 , beta.multiplier= 0.778800783071405 , sigma.multiplier= 0.387405426764698",1.73669141475528,0.939367766588554,0.434547234808765,0.778800783071405,0.387405426764698
7228.39308286501,77,"Cgg.multiplier= 1.53764223275507 , Cgq.multiplier= 1.39195359449619 , lambda.multiplier= 0.516697086247416 , beta.multiplier= 0.778800783071405 , sigma.multiplier= 0.64195523207368",1.53764223275507,1.39195359449619,0.516697086247416,0.778800783071405,0.64195523207368
6018.07114252707,77,"Cgg.multiplier= 1.40826743721331 , Cgq.multiplier= 1.43481628890812 , lambda.multiplier= 0.502106197977405 , beta.multiplier= 0.778800783071405 , sigma.multiplier= 0.672624563584444",1.40826743721331,1.43481628890812,0.502106197977405,0.778800783071405,0.672624563584444
7873.94382982474,77,"Cgg.multiplier= 1.63768552954171 , Cgq.multiplier= 0.992496472718604 , lambda.multiplier= 0.614990890270882 , beta.multiplier= 0.778800783071405 , sigma.multiplier= 0.626418550999893",1.63768552954171,0.992496472718604,0.614990890270882,0.778800783071405,0.626418550999893
2851.63108470777,81,"Cgg.multiplier= 1.00275872733785 , Cgq.multiplier= 0.800813410456789 , lambda.multiplier= 0.380249578265974 , beta.multiplier= 0.778800783071405 , sigma.multiplier= 0.511848423702518",1.00275872733785,0.800813410456789,0.380249578265974,0.778800783071405,0.511848423702518
7151.11399808835,79,"Cgg.multiplier= 1.5537250282385 , Cgq.multiplier= 0.933158488579102 , lambda.multiplier= 0.488067811536183 , beta.multiplier= 0.778800783071405 , sigma.multiplier= 0.415380113183504",1.5537250282385,0.933158488579102,0.488067811536183,0.778800783071405,0.415380113183504
7789.85011042009,78,"Cgg.multiplier= 1.60443347383069 , Cgq.multiplier= 0.92249373095974 , lambda.multiplier= 0.519745806696764 , beta.multiplier= 0.778800783071405 , sigma.multiplier= 0.575562241716833",1.60443347383069,0.92249373095974,0.519745806696764,0.778800783071405,0.575562241716833
5374.04332167373,77,"Cgg.multiplier= 1.34354904001428 , Cgq.multiplier= 0.758887493061086 , lambda.multiplier= 0.50170589022218 , beta.multiplier= 0.778800783071405 , sigma.multiplier= 0.68183162433632",1.34354904001428,0.758887493061086,0.50170589022218,0.778800783071405,0.68183162433632
8069.4737543632,76,"Cgg.multiplier= 1.61925120416715 , Cgq.multiplier= 1.47484773176451 , lambda.multiplier= 0.520225289902103 , beta.multiplier= 0.778800783071405 , sigma.multiplier= 0.697222381733458",1.61925120416715,1.47484773176451,0.520225289902103,0.778800783071405,0.697222381733458
9323.26894700754,79,"Cgg.multiplier= 1.84663096912484 , Cgq.multiplier= 1.07852852362626 , lambda.multiplier= 0.582540495437291 , beta.multiplier= 0.778800783071405 , sigma.multiplier= 0.336930795559748",1.84663096912484,1.07852852362626,0.582540495437291,0.778800783071405,0.336930795559748
3662.83100033792,80,"Cgg.multiplier= 1.13014269183801 , Cgq.multiplier= 0.746781321967967 , lambda.multiplier= 0.453150128047759 , beta.multiplier= 0.778800783071405 , sigma.multiplier= 0.465029348789092",1.13014269183801,0.746781321967967,0.453150128047759,0.778800783071405,0.465029348789092
5073.88789236524,78,"Cgg.multiplier= 1.34834963316 , Cgq.multiplier= 0.8442930913109 , lambda.multiplier= 0.642456798232607 , beta.multiplier= 0.778800783071405 , sigma.multiplier= 0.62947504635833",1.34834963316,0.8442930913109,0.642456798232607,0.778800783071405,0.62947504635833
9605.94582074239,77,"Cgg.multiplier= 1.8522661769382 , Cgq.multiplier= 1.43473073739347 , lambda.multiplier= 0.674386594629492 , beta.multiplier= 0.778800783071405 , sigma.multiplier= 0.529245314366119",1.8522661769382,1.43473073739347,0.674386594629492,0.778800783071405,0.529245314366119
10975.6168137973,78,"Cgg.multiplier= 1.89257335035707 , Cgq.multiplier= 0.914180750007266 , lambda.multiplier= 0.357890358313393 , beta.multiplier= 0.778800783071405 , sigma.multiplier= 0.434784628976708",1.89257335035707,0.914180750007266,0.357890358313393,0.778800783071405,0.434784628976708
2760.051014124,81,"Cgg.multiplier= 0.984637505262357 , Cgq.multiplier= 1.20694187598703 , lambda.multiplier= 0.39678058874351 , beta.multiplier= 0.778800783071405 , sigma.multiplier= 0.472751688495811",0.984637505262357,1.20694187598703,0.39678058874351,0.778800783071405,0.472751688495811
5282.09153524803,81,"Cgg.multiplier= 1.36175050293944 , Cgq.multiplier= 1.41055363506043 , lambda.multiplier= 0.505479193835967 , beta.multiplier= 0.778800783071405 , sigma.multiplier= 0.327345350718765",1.36175050293944,1.41055363506043,0.505479193835967,0.778800783071405,0.327345350718765
6587.40723256515,77,"Cgg.multiplier= 1.45176536554557 , Cgq.multiplier= 1.48426339897738 , lambda.multiplier= 0.442296333274625 , beta.multiplier= 0.778800783071405 , sigma.multiplier= 0.646089890653937",1.45176536554557,1.48426339897738,0.442296333274625,0.778800783071405,0.646089890653937
9245.24563266223,79,"Cgg.multiplier= 1.81430998351786 , Cgq.multiplier= 1.02384078909969 , lambda.multiplier= 0.499685980803075 , beta.multiplier= 0.778800783071405 , sigma.multiplier= 0.328679438671431",1.81430998351786,1.02384078909969,0.499685980803075,0.778800783071405,0.328679438671431
2992.54411882825,56,"Cgg.multiplier= 1.00702401832912 , Cgq.multiplier= 0.99380961936216 , lambda.multiplier= 0.544069186447522 , beta.multiplier= 0.778800783071405 , sigma.multiplier= 0.569759475862854",1.00702401832912,0.99380961936216,0.544069186447522,0.778800783071405,0.569759475862854
11022.4259588299,77,"Cgg.multiplier= 1.90382345974416 , Cgq.multiplier= 0.786898863757916 , lambda.multiplier= 0.403540867453526 , beta.multiplier= 0.778800783071405 , sigma.multiplier= 0.54824174812746",1.90382345974416,0.786898863757916,0.403540867453526,0.778800783071405,0.54824174812746
9765.51673887664,78,"Cgg.multiplier= 1.85928472862976 , Cgq.multiplier= 0.900182548632777 , lambda.multiplier= 0.601477971421429 , beta.multiplier= 0.778800783071405 , sigma.multiplier= 0.437945895465777",1.85928472862976,0.900182548632777,0.601477971421429,0.778800783071405,0.437945895465777
3243.91363763357,55,"Cgg.multiplier= 0.947665820995746 , Cgq.multiplier= 1.13432412920862 , lambda.multiplier= 0.375032322706635 , beta.multiplier= 0.778800783071405 , sigma.multiplier= 0.699608536867804",0.947665820995746,1.13432412920862,0.375032322706635,0.778800783071405,0.699608536867804
5727.63851944849,78,"Cgg.multiplier= 1.40311545974551 , Cgq.multiplier= 1.43854149964285 , lambda.multiplier= 0.587323274407439 , beta.multiplier= 0.778800783071405 , sigma.multiplier= 0.638302962543139",1.40311545974551,1.43854149964285,0.587323274407439,0.778800783071405,0.638302962543139
4873.38510640602,79,"Cgg.multiplier= 1.27230741272104 , Cgq.multiplier= 0.964747432354944 , lambda.multiplier= 0.419124190573131 , beta.multiplier= 0.778800783071405 , sigma.multiplier= 0.552462514550945",1.27230741272104,0.964747432354944,0.419124190573131,0.778800783071405,0.552462514550945
9562.75071950391,79,"Cgg.multiplier= 1.81611031275168 , Cgq.multiplier= 1.36203286183748 , lambda.multiplier= 0.482127045540788 , beta.multiplier= 0.778800783071405 , sigma.multiplier= 0.370231560063578",1.81611031275168,1.36203286183748,0.482127045540788,0.778800783071405,0.370231560063578
5056.90251108522,78,"Cgg.multiplier= 1.33218622425563 , Cgq.multiplier= 1.26378257599414 , lambda.multiplier= 0.596551214918774 , beta.multiplier= 0.778800783071405 , sigma.multiplier= 0.654601204604252",1.33218622425563,1.26378257599414,0.596551214918774,0.778800783071405,0.654601204604252
9177.53293222255,78,"Cgg.multiplier= 1.74255273477318 , Cgq.multiplier= 1.28705315337837 , lambda.multiplier= 0.500756141794604 , beta.multiplier= 0.778800783071405 , sigma.multiplier= 0.540576429992329",1.74255273477318,1.28705315337837,0.500756141794604,0.778800783071405,0.540576429992329
8431.99219988105,77,"Cgg.multiplier= 1.63874806597563 , Cgq.multiplier= 1.4293808575324 , lambda.multiplier= 0.448025886613542 , beta.multiplier= 0.778800783071405 , sigma.multiplier= 0.626756740616915",1.63874806597563,1.4293808575324,0.448025886613542,0.778800783071405,0.626756740616915
8585.52319921357,80,"Cgg.multiplier= 1.71623558469594 , Cgq.multiplier= 0.672273671846785 , lambda.multiplier= 0.409998866519937 , beta.multiplier= 0.778800783071405 , sigma.multiplier= 0.327578344378333",1.71623558469594,0.672273671846785,0.409998866519937,0.778800783071405,0.327578344378333
4835.08211482721,80,"Cgg.multiplier= 1.27009734350086 , Cgq.multiplier= 0.802113967421788 , lambda.multiplier= 0.40055662292221 , beta.multiplier= 0.778800783071405 , sigma.multiplier= 0.416116729012031",1.27009734350086,0.802113967421788,0.40055662292221,0.778800783071405,0.416116729012031
7961.82833888091,77,"Cgg.multiplier= 1.58344751659996 , Cgq.multiplier= 0.998324632786813 , lambda.multiplier= 0.41056774207073 , beta.multiplier= 0.778800783071405 , sigma.multiplier= 0.610301169336073",1.58344751659996,0.998324632786813,0.41056774207073,0.778800783071405,0.610301169336073
2712.98120219558,53,"Cgg.multiplier= 0.864872813899653 , Cgq.multiplier= 1.22509822013624 , lambda.multiplier= 0.535848773612453 , beta.multiplier= 0.778800783071405 , sigma.multiplier= 0.638699304916738",0.864872813899653,1.22509822013624,0.535848773612453,0.778800783071405,0.638699304916738
8810.00427907666,78,"Cgg.multiplier= 1.73929522132565 , Cgq.multiplier= 1.06494789194217 , lambda.multiplier= 0.593149757108722 , beta.multiplier= 0.778800783071405 , sigma.multiplier= 0.519863998993952",1.73929522132565,1.06494789194217,0.593149757108722,0.778800783071405,0.519863998993952
2570.19839034127,54,"Cgg.multiplier= 0.868444275501351 , Cgq.multiplier= 1.10886287258563 , lambda.multiplier= 0.358583796937405 , beta.multiplier= 0.778800783071405 , sigma.multiplier= 0.564189293568711",0.868444275501351,1.10886287258563,0.358583796937405,0.778800783071405,0.564189293568711
3202.9306647942,80,"Cgg.multiplier= 1.07975348309466 , Cgq.multiplier= 0.930696074572187 , lambda.multiplier= 0.51806484746299 , beta.multiplier= 0.778800783071405 , sigma.multiplier= 0.505969183870563",1.07975348309466,0.930696074572187,0.51806484746299,0.778800783071405,0.505969183870563
9389.05553678069,77,"Cgg.multiplier= 1.81702092557369 , Cgq.multiplier= 1.33964719630125 , lambda.multiplier= 0.647330357779628 , beta.multiplier= 0.778800783071405 , sigma.multiplier= 0.5424200055611",1.81702092557369,1.33964719630125,0.647330357779628,0.778800783071405,0.5424200055611
6300.14606292241,80,"Cgg.multiplier= 1.50603218804614 , Cgq.multiplier= 0.910379742028367 , lambda.multiplier= 0.593950638068173 , beta.multiplier= 0.778800783071405 , sigma.multiplier= 0.355585489210737",1.50603218804614,0.910379742028367,0.593950638068173,0.778800783071405,0.355585489210737
4749.79141114261,78,"Cgg.multiplier= 1.26107953284691 , Cgq.multiplier= 1.00642396218314 , lambda.multiplier= 0.43847777674994 , beta.multiplier= 0.778800783071405 , sigma.multiplier= 0.643226181111147",1.26107953284691,1.00642396218314,0.43847777674994,0.778800783071405,0.643226181111147
5379.96509037732,80,"Cgg.multiplier= 1.32037416048294 , Cgq.multiplier= 0.745009858693032 , lambda.multiplier= 0.361579764412191 , beta.multiplier= 0.778800783071405 , sigma.multiplier= 0.472825048914213",1.32037416048294,0.745009858693032,0.361579764412191,0.778800783071405,0.472825048914213
2770.59197734867,54,"Cgg.multiplier= 0.90019145959477 , Cgq.multiplier= 1.32637089892732 , lambda.multiplier= 0.539767856974958 , beta.multiplier= 0.778800783071405 , sigma.multiplier= 0.616447009863779",0.90019145959477,1.32637089892732,0.539767856974958,0.778800783071405,0.616447009863779
10252.2378236066,67,"Cgg.multiplier= 1.88762986077792 , Cgq.multiplier= 0.965885302234734 , lambda.multiplier= 0.639251741422304 , beta.multiplier= 0.778800783071405 , sigma.multiplier= 0.68585124447517",1.88762986077792,0.965885302234734,0.639251741422304,0.778800783071405,0.68585124447517
4978.68224444416,80,"Cgg.multiplier= 1.31613337790302 , Cgq.multiplier= 0.703580778661206 , lambda.multiplier= 0.518555299458356 , beta.multiplier= 0.778800783071405 , sigma.multiplier= 0.419652358281784",1.31613337790302,0.703580778661206,0.518555299458356,0.778800783071405,0.419652358281784
10101.2081589105,76,"Cgg.multiplier= 1.87079122943512 , Cgq.multiplier= 0.704072665345967 , lambda.multiplier= 0.585948665366575 , beta.multiplier= 0.778800783071405 , sigma.multiplier= 0.638446758562016",1.87079122943512,0.704072665345967,0.585948665366575,0.778800783071405,0.638446758562016
9712.25886050803,77,"Cgg.multiplier= 1.79714101579678 , Cgq.multiplier= 1.45439221251175 , lambda.multiplier= 0.510625172543758 , beta.multiplier= 0.778800783071405 , sigma.multiplier= 0.570290819834148",1.79714101579678,1.45439221251175,0.510625172543758,0.778800783071405,0.570290819834148
7362.96280956138,77,"Cgg.multiplier= 1.53577860741943 , Cgq.multiplier= 0.977021615339356 , lambda.multiplier= 0.454069179710691 , beta.multiplier= 0.778800783071405 , sigma.multiplier= 0.626501601029643",1.53577860741943,0.977021615339356,0.454069179710691,0.778800783071405,0.626501601029643
9543.90413548554,79,"Cgg.multiplier= 1.88491545579859 , Cgq.multiplier= 1.33279755407835 , lambda.multiplier= 0.691030297152736 , beta.multiplier= 0.778800783071405 , sigma.multiplier= 0.388873087154984",1.88491545579859,1.33279755407835,0.691030297152736,0.778800783071405,0.388873087154984
6509.41071182351,77,"Cgg.multiplier= 1.51347884795451 , Cgq.multiplier= 1.41793775514846 , lambda.multiplier= 0.674521466755294 , beta.multiplier= 0.778800783071405 , sigma.multiplier= 0.60950204026775",1.51347884795451,1.41793775514846,0.674521466755294,0.778800783071405,0.60950204026775
4398.37077273857,79,"Cgg.multiplier= 1.21241795281945 , Cgq.multiplier= 1.03184470196471 , lambda.multiplier= 0.39602923932086 , beta.multiplier= 0.778800783071405 , sigma.multiplier= 0.60221164002517",1.21241795281945,1.03184470196471,0.39602923932086,0.778800783071405,0.60221164002517
4018.54283313017,58,"Cgg.multiplier= 1.22646942021282 , Cgq.multiplier= 1.14378316416398 , lambda.multiplier= 0.687188113227483 , beta.multiplier= 0.778800783071405 , sigma.multiplier= 0.608368221750652",1.22646942021282,1.14378316416398,0.687188113227483,0.778800783071405,0.608368221750652
4448.32227183219,80,"Cgg.multiplier= 1.28104347967267 , Cgq.multiplier= 0.730838482436816 , lambda.multiplier= 0.655790841950562 , beta.multiplier= 0.778800783071405 , sigma.multiplier= 0.445708259244032",1.28104347967267,0.730838482436816,0.655790841950562,0.778800783071405,0.445708259244032
7842.07738776335,80,"Cgg.multiplier= 1.68842769541297 , Cgq.multiplier= 0.805562216321986 , lambda.multiplier= 0.58724235194511 , beta.multiplier= 0.778800783071405 , sigma.multiplier= 0.338968588995449",1.68842769541297,0.805562216321986,0.58724235194511,0.778800783071405,0.338968588995449
2675.75959129016,54,"Cgg.multiplier= 0.901779466427537 , Cgq.multiplier= 1.27814376009797 , lambda.multiplier= 0.515549464382252 , beta.multiplier= 0.778800783071405 , sigma.multiplier= 0.578344574245242",0.901779466427537,1.27814376009797,0.515549464382252,0.778800783071405,0.578344574245242
7735.9081434271,80,"Cgg.multiplier= 1.65056194962514 , Cgq.multiplier= 1.06111885580908 , lambda.multiplier= 0.50321825301936 , beta.multiplier= 0.778800783071405 , sigma.multiplier= 0.332768129941452",1.65056194962514,1.06111885580908,0.50321825301936,0.778800783071405,0.332768129941452
7892.45224847416,78,"Cgg.multiplier= 1.57512182720557 , Cgq.multiplier= 1.23347869791674 , lambda.multiplier= 0.394945884032225 , beta.multiplier= 0.778800783071405 , sigma.multiplier= 0.56637225363641",1.57512182720557,1.23347869791674,0.394945884032225,0.778800783071405,0.56637225363641
3211.05339231764,81,"Cgg.multiplier= 1.04136321859795 , Cgq.multiplier= 1.45199399762168 , lambda.multiplier= 0.355530902668431 , beta.multiplier= 0.778800783071405 , sigma.multiplier= 0.432898693873083",1.04136321859795,1.45199399762168,0.355530902668431,0.778800783071405,0.432898693873083
3644.82160888435,80,"Cgg.multiplier= 1.13611213808133 , Cgq.multiplier= 1.0789894365764 , lambda.multiplier= 0.500025506158026 , beta.multiplier= 0.778800783071405 , sigma.multiplier= 0.469308219631775",1.13611213808133,1.0789894365764,0.500025506158026,0.778800783071405,0.469308219631775
6123.34618504147,77,"Cgg.multiplier= 1.40332763970006 , Cgq.multiplier= 1.05683849937195 , lambda.multiplier= 0.43777849400144 , beta.multiplier= 0.778800783071405 , sigma.multiplier= 0.675003817677209",1.40332763970006,1.05683849937195,0.43777849400144,0.778800783071405,0.675003817677209
7208.56271550062,78,"Cgg.multiplier= 1.573360725036 , Cgq.multiplier= 1.13052033880384 , lambda.multiplier= 0.616367339565408 , beta.multiplier= 0.778800783071405 , sigma.multiplier= 0.580208131040349",1.573360725036,1.13052033880384,0.616367339565408,0.778800783071405,0.580208131040349
10073.7724907829,77,"Cgg.multiplier= 1.89741584487725 , Cgq.multiplier= 1.20636014527358 , lambda.multiplier= 0.666299725319966 , beta.multiplier= 0.778800783071405 , sigma.multiplier= 0.595081561673274",1.89741584487725,1.20636014527358,0.666299725319966,0.778800783071405,0.595081561673274
8616.63971015647,77,"Cgg.multiplier= 1.66190022283441 , Cgq.multiplier= 0.899990975732163 , lambda.multiplier= 0.446722935702233 , beta.multiplier= 0.778800783071405 , sigma.multiplier= 0.594922582025735",1.66190022283441,0.899990975732163,0.446722935702233,0.778800783071405,0.594922582025735
5908.2761174117,79,"Cgg.multiplier= 1.45825857675931 , Cgq.multiplier= 1.47531868895265 , lambda.multiplier= 0.636369422079451 , beta.multiplier= 0.778800783071405 , sigma.multiplier= 0.405179238114591",1.45825857675931,1.47531868895265,0.636369422079451,0.778800783071405,0.405179238114591
9575.26564902133,78,"Cgg.multiplier= 1.75698860607828 , Cgq.multiplier= 1.19925740577328 , lambda.multiplier= 0.402020811152823 , beta.multiplier= 0.778800783071405 , sigma.multiplier= 0.475262036538447",1.75698860607828,1.19925740577328,0.402020811152823,0.778800783071405,0.475262036538447
3044.74280134893,56,"Cgg.multiplier= 1.06057130819736 , Cgq.multiplier= 1.14891094094832 , lambda.multiplier= 0.613932097598135 , beta.multiplier= 0.778800783071405 , sigma.multiplier= 0.538258296751832",1.06057130819736,1.14891094094832,0.613932097598135,0.778800783071405,0.538258296751832
3958.63089593516,57,"Cgg.multiplier= 1.14687001008337 , Cgq.multiplier= 1.17626095864093 , lambda.multiplier= 0.534220191315548 , beta.multiplier= 0.778800783071405 , sigma.multiplier= 0.657908560833709",1.14687001008337,1.17626095864093,0.534220191315548,0.778800783071405,0.657908560833709
9173.40818231463,77,"Cgg.multiplier= 1.73427675380379 , Cgq.multiplier= 1.43032710133811 , lambda.multiplier= 0.480959249912929 , beta.multiplier= 0.778800783071405 , sigma.multiplier= 0.54740236287784",1.73427675380379,1.43032710133811,0.480959249912929,0.778800783071405,0.54740236287784
7382.59633530013,77,"Cgg.multiplier= 1.59192319454424 , Cgq.multiplier= 0.99072566875638 , lambda.multiplier= 0.642044882911168 , beta.multiplier= 0.778800783071405 , sigma.multiplier= 0.672924205452832",1.59192319454424,0.99072566875638,0.642044882911168,0.778800783071405,0.672924205452832
3594.40594045046,81,"Cgg.multiplier= 1.11444247032001 , Cgq.multiplier= 0.906847406561603 , lambda.multiplier= 0.428131902739072 , beta.multiplier= 0.778800783071405 , sigma.multiplier= 0.452991688333246",1.11444247032001,0.906847406561603,0.428131902739072,0.778800783071405,0.452991688333246
2273.00284239603,82,"Cgg.multiplier= 0.906053970760117 , Cgq.multiplier= 0.744860063112741 , lambda.multiplier= 0.499300558791775 , beta.multiplier= 0.778800783071405 , sigma.multiplier= 0.415197306280669",0.906053970760117,0.744860063112741,0.499300558791775,0.778800783071405,0.415197306280669
3049.32780728878,55,"Cgg.multiplier= 1.00888994000055 , Cgq.multiplier= 0.9348723961687 , lambda.multiplier= 0.61964452152565 , beta.multiplier= 0.778800783071405 , sigma.multiplier= 0.593748697966342",1.00888994000055,0.9348723961687,0.61964452152565,0.778800783071405,0.593748697966342
3558.36063423424,81,"Cgg.multiplier= 1.08895842104796 , Cgq.multiplier= 1.29324247068114 , lambda.multiplier= 0.348735147304743 , beta.multiplier= 0.778800783071405 , sigma.multiplier= 0.401414530874264",1.08895842104796,1.29324247068114,0.348735147304743,0.778800783071405,0.401414530874264
5567.19818577762,79,"Cgg.multiplier= 1.36639333143 , Cgq.multiplier= 0.756095753406729 , lambda.multiplier= 0.469729825648766 , beta.multiplier= 0.778800783071405 , sigma.multiplier= 0.488685396617306",1.36639333143,0.756095753406729,0.469729825648766,0.778800783071405,0.488685396617306
3408.3684279578,57,"Cgg.multiplier= 1.06894289090655 , Cgq.multiplier= 1.25381660588089 , lambda.multiplier= 0.353758304801568 , beta.multiplier= 0.778800783071405 , sigma.multiplier= 0.586803019843741",1.06894289090655,1.25381660588089,0.353758304801568,0.778800783071405,0.586803019843741
8434.49114589879,77,"Cgg.multiplier= 1.61950814670601 , Cgq.multiplier= 1.46428571235655 , lambda.multiplier= 0.368376907645895 , beta.multiplier= 0.778800783071405 , sigma.multiplier= 0.577990940971571",1.61950814670601,1.46428571235655,0.368376907645895,0.778800783071405,0.577990940971571
2202.1645641138,83,"Cgg.multiplier= 0.869025057875752 , Cgq.multiplier= 0.835846025624324 , lambda.multiplier= 0.402445074731734 , beta.multiplier= 0.778800783071405 , sigma.multiplier= 0.386695234405577",0.869025057875752,0.835846025624324,0.402445074731734,0.778800783071405,0.386695234405577
4724.59431889801,79,"Cgg.multiplier= 1.25678712691896 , Cgq.multiplier= 0.75944398034148 , lambda.multiplier= 0.423009219214021 , beta.multiplier= 0.778800783071405 , sigma.multiplier= 0.600591451265438",1.25678712691896,0.75944398034148,0.423009219214021,0.778800783071405,0.600591451265438
5938.25545904511,79,"Cgg.multiplier= 1.40332212677495 , Cgq.multiplier= 0.715833193614936 , lambda.multiplier= 0.432687106082415 , beta.multiplier= 0.778800783071405 , sigma.multiplier= 0.443359965919308",1.40332212677495,0.715833193614936,0.432687106082415,0.778800783071405,0.443359965919308
2204.40906742601,54,"Cgg.multiplier= 0.862364648610263 , Cgq.multiplier= 1.3519417732222 , lambda.multiplier= 0.462073271306087 , beta.multiplier= 0.778800783071405 , sigma.multiplier= 0.453395597358635",0.862364648610263,1.3519417732222,0.462073271306087,0.778800783071405,0.453395597358635
6594.99188156619,77,"Cgg.multiplier= 1.47420298546899 , Cgq.multiplier= 1.1477767065651 , lambda.multiplier= 0.50734555799369 , beta.multiplier= 0.778800783071405 , sigma.multiplier= 0.622806615893957",1.47420298546899,1.1477767065651,0.50734555799369,0.778800783071405,0.622806615893957
2746.07924924924,81,"Cgg.multiplier= 1.02727157760791 , Cgq.multiplier= 1.05650311902655 , lambda.multiplier= 0.657579677471971 , beta.multiplier= 0.778800783071405 , sigma.multiplier= 0.458095860449644",1.02727157760791,1.05650311902655,0.657579677471971,0.778800783071405,0.458095860449644
4231.77315095585,80,"Cgg.multiplier= 1.23942282845378 , Cgq.multiplier= 0.970180843521541 , lambda.multiplier= 0.607182368001287 , beta.multiplier= 0.778800783071405 , sigma.multiplier= 0.42651774395427",1.23942282845378,0.970180843521541,0.607182368001287,0.778800783071405,0.42651774395427
6500.20117991542,79,"Cgg.multiplier= 1.54174169244418 , Cgq.multiplier= 0.900443730380849 , lambda.multiplier= 0.687297966830092 , beta.multiplier= 0.778800783071405 , sigma.multiplier= 0.417770547124454",1.54174169244418,0.900443730380849,0.687297966830092,0.778800783071405,0.417770547124454
8144.49710480679,80,"Cgg.multiplier= 1.67907194714084 , Cgq.multiplier= 1.16298941053728 , lambda.multiplier= 0.445438846306752 , beta.multiplier= 0.778800783071405 , sigma.multiplier= 0.327083024131406",1.67907194714084,1.16298941053728,0.445438846306752,0.778800783071405,0.327083024131406
6050.09307943476,78,"Cgg.multiplier= 1.45526118216198 , Cgq.multiplier= 1.3427787907142 , lambda.multiplier= 0.636454230686247 , beta.multiplier= 0.778800783071405 , sigma.multiplier= 0.571312016688375",1.45526118216198,1.3427787907142,0.636454230686247,0.778800783071405,0.571312016688375
3654.33875864925,58,"Cgg.multiplier= 1.10722599904202 , Cgq.multiplier= 0.750689719497557 , lambda.multiplier= 0.368117746569498 , beta.multiplier= 0.778800783071405 , sigma.multiplier= 0.606425696768879",1.10722599904202,0.750689719497557,0.368117746569498,0.778800783071405,0.606425696768879
2853.64510411325,55,"Cgg.multiplier= 0.955622381163836 , Cgq.multiplier= 1.46199547441182 , lambda.multiplier= 0.365025548139692 , beta.multiplier= 0.778800783071405 , sigma.multiplier= 0.561553617005634",0.955622381163836,1.46199547441182,0.365025548139692,0.778800783071405,0.561553617005634
2525.97111267802,82,"Cgg.multiplier= 0.951014395086922 , Cgq.multiplier= 0.808937819175263 , lambda.multiplier= 0.599180704387856 , beta.multiplier= 0.778800783071405 , sigma.multiplier= 0.337792589836968",0.951014395086922,0.808937819175263,0.599180704387856,0.778800783071405,0.337792589836968
3914.46855041098,80,"Cgg.multiplier= 1.18266233975264 , Cgq.multiplier= 0.741037964395387 , lambda.multiplier= 0.529452195993555 , beta.multiplier= 0.778800783071405 , sigma.multiplier= 0.521250357270205",1.18266233975264,0.741037964395387,0.529452195993555,0.778800783071405,0.521250357270205
6913.17820546391,80,"Cgg.multiplier= 1.56473139079007 , Cgq.multiplier= 1.3778086385663 , lambda.multiplier= 0.552772754863732 , beta.multiplier= 0.778800783071405 , sigma.multiplier= 0.35069699413681",1.56473139079007,1.3778086385663,0.552772754863732,0.778800783071405,0.35069699413681
2145.16126132249,82,"Cgg.multiplier= 0.860959972386449 , Cgq.multiplier= 1.10143796672852 , lambda.multiplier= 0.364346398857679 , beta.multiplier= 0.778800783071405 , sigma.multiplier= 0.421522201917549",0.860959972386449,1.10143796672852,0.364346398857679,0.778800783071405,0.421522201917549
3187.96937717727,82,"Cgg.multiplier= 1.08071441907199 , Cgq.multiplier= 1.20989323530625 , lambda.multiplier= 0.656738411491782 , beta.multiplier= 0.778800783071405 , sigma.multiplier= 0.317130575627031",1.08071441907199,1.20989323530625,0.656738411491782,0.778800783071405,0.317130575627031
9678.9148124145,77,"Cgg.multiplier= 1.84490302653545 , Cgq.multiplier= 0.858871278429337 , lambda.multiplier= 0.643511339474873 , beta.multiplier= 0.778800783071405 , sigma.multiplier= 0.590800594976104",1.84490302653545,0.858871278429337,0.643511339474873,0.778800783071405,0.590800594976104
10642.5476829042,76,"Cgg.multiplier= 1.83710846708667 , Cgq.multiplier= 1.26281058571145 , lambda.multiplier= 0.334579413973516 , beta.multiplier= 0.778800783071405 , sigma.multiplier= 0.625944854456291",1.83710846708667,1.26281058571145,0.334579413973516,0.778800783071405,0.625944854456291
7478.74295360106,79,"Cgg.multiplier= 1.63505476202424 , Cgq.multiplier= 1.07347377830083 , lambda.multiplier= 0.590996165295757 , beta.multiplier= 0.778800783071405 , sigma.multiplier= 0.368749297177366",1.63505476202424,1.07347377830083,0.590996165295757,0.778800783071405,0.368749297177366
4176.87621918017,79,"Cgg.multiplier= 1.21204324681272 , Cgq.multiplier= 1.46328200524962 , lambda.multiplier= 0.524163144430196 , beta.multiplier= 0.778800783071405 , sigma.multiplier= 0.549130142870204",1.21204324681272,1.46328200524962,0.524163144430196,0.778800783071405,0.549130142870204
5405.52427498704,79,"Cgg.multiplier= 1.40401369789631 , Cgq.multiplier= 1.41537751248589 , lambda.multiplier= 0.683522697375812 , beta.multiplier= 0.778800783071405 , sigma.multiplier= 0.456030115631651",1.40401369789631,1.41537751248589,0.683522697375812,0.778800783071405,0.456030115631651
7725.78316016787,77,"Cgg.multiplier= 1.64547687485715 , Cgq.multiplier= 1.12317491886094 , lambda.multiplier= 0.670551206939543 , beta.multiplier= 0.778800783071405 , sigma.multiplier= 0.579760617002065",1.64547687485715,1.12317491886094,0.670551206939543,0.778800783071405,0.579760617002065
6836.15939769033,79,"Cgg.multiplier= 1.51381748380613 , Cgq.multiplier= 0.732425057939823 , lambda.multiplier= 0.493579834749233 , beta.multiplier= 0.778800783071405 , sigma.multiplier= 0.458636416531274",1.51381748380613,0.732425057939823,0.493579834749233,0.778800783071405,0.458636416531274
6739.58937266247,77,"Cgg.multiplier= 1.52129213960909 , Cgq.multiplier= 0.688968210880953 , lambda.multiplier= 0.613698001846356 , beta.multiplier= 0.778800783071405 , sigma.multiplier= 0.627421858777911",1.52129213960909,0.688968210880953,0.613698001846356,0.778800783071405,0.627421858777911
3838.72781537704,56,"Cgg.multiplier= 1.08977305071739 , Cgq.multiplier= 1.09194870552738 , lambda.multiplier= 0.512619985286714 , beta.multiplier= 0.778800783071405 , sigma.multiplier= 0.699655170962801",1.08977305071739,1.09194870552738,0.512619985286714,0.778800783071405,0.699655170962801
3443.6153356994,80,"Cgg.multiplier= 1.08915029083333 , Cgq.multiplier= 1.1884645134923 , lambda.multiplier= 0.395235975609333 , beta.multiplier= 0.778800783071405 , sigma.multiplier= 0.50416672344281",1.08915029083333,1.1884645134923,0.395235975609333,0.778800783071405,0.50416672344281
4459.25471604737,81,"Cgg.multiplier= 1.27097997049777 , Cgq.multiplier= 1.01434288338506 , lambda.multiplier= 0.594923397436639 , beta.multiplier= 0.778800783071405 , sigma.multiplier= 0.34717698425492",1.27097997049777,1.01434288338506,0.594923397436639,0.778800783071405,0.34717698425492
9464.12638988676,79,"Cgg.multiplier= 1.85484120243905 , Cgq.multiplier= 1.39264110999281 , lambda.multiplier= 0.614690049545177 , beta.multiplier= 0.778800783071405 , sigma.multiplier= 0.368812231629975",1.85484120243905,1.39264110999281,0.614690049545177,0.778800783071405,0.368812231629975
10144.9512348229,76,"Cgg.multiplier= 1.87609853351257 , Cgq.multiplier= 0.759031928832615 , lambda.multiplier= 0.590747314446498 , beta.multiplier= 0.778800783071405 , sigma.multiplier= 0.663684878914068",1.87609853351257,0.759031928832615,0.590747314446498,0.778800783071405,0.663684878914068
8606.3485685395,77,"Cgg.multiplier= 1.64113163110199 , Cgq.multiplier= 1.47562355499747 , lambda.multiplier= 0.390996768431081 , beta.multiplier= 0.778800783071405 , sigma.multiplier= 0.593529463112172",1.64113163110199,1.47562355499747,0.390996768431081,0.778800783071405,0.593529463112172
8432.34616232661,77,"Cgg.multiplier= 1.63415984680642 , Cgq.multiplier= 0.887991366175598 , lambda.multiplier= 0.432237180505911 , beta.multiplier= 0.778800783071405 , sigma.multiplier= 0.655858521688057",1.63415984680642,0.887991366175598,0.432237180505911,0.778800783071405,0.655858521688057
6317.41440695231,77,"Cgg.multiplier= 1.4258465862593 , Cgq.multiplier= 0.73955442338327 , lambda.multiplier= 0.44280438658069 , beta.multiplier= 0.778800783071405 , sigma.multiplier= 0.667347801279851",1.4258465862593,0.73955442338327,0.44280438658069,0.778800783071405,0.667347801279851
2337.30702188372,53,"Cgg.multiplier= 0.863105575724338 , Cgq.multiplier= 0.987344585975866 , lambda.multiplier= 0.538554097379822 , beta.multiplier= 0.778800783071405 , sigma.multiplier= 0.501853648550775",0.863105575724338,0.987344585975866,0.538554097379822,0.778800783071405,0.501853648550775
6082.52279164012,80,"Cgg.multiplier= 1.50303520654366 , Cgq.multiplier= 0.772922549002414 , lambda.multiplier= 0.659088771036114 , beta.multiplier= 0.778800783071405 , sigma.multiplier= 0.342550287671207",1.50303520654366,0.772922549002414,0.659088771036114,0.778800783071405,0.342550287671207
8721.56674839239,77,"Cgg.multiplier= 1.74339375241095 , Cgq.multiplier= 1.14806954431309 , lambda.multiplier= 0.656997892679074 , beta.multiplier= 0.778800783071405 , sigma.multiplier= 0.595986783786571",1.74339375241095,1.14806954431309,0.656997892679074,0.778800783071405,0.595986783786571
8190.74476974133,79,"Cgg.multiplier= 1.65343866502213 , Cgq.multiplier= 0.867604066183163 , lambda.multiplier= 0.466367355864062 , beta.multiplier= 0.778800783071405 , sigma.multiplier= 0.422159187272974",1.65343866502213,0.867604066183163,0.466367355864062,0.778800783071405,0.422159187272974
5018.31241190133,80,"Cgg.multiplier= 1.33826411256264 , Cgq.multiplier= 1.26335430447447 , lambda.multiplier= 0.602930228180221 , beta.multiplier= 0.778800783071405 , sigma.multiplier= 0.443366704782211",1.33826411256264,1.26335430447447,0.602930228180221,0.778800783071405,0.443366704782211
5707.10264738304,79,"Cgg.multiplier= 1.42587686399945 , Cgq.multiplier= 0.790201144228402 , lambda.multiplier= 0.625649550031812 , beta.multiplier= 0.778800783071405 , sigma.multiplier= 0.466055785505411",1.42587686399945,0.790201144228402,0.625649550031812,0.778800783071405,0.466055785505411
5765.79896082886,79,"Cgg.multiplier= 1.42755056885637 , Cgq.multiplier= 0.795877806782897 , lambda.multiplier= 0.597648580367172 , beta.multiplier= 0.778800783071405 , sigma.multiplier= 0.444969065271444",1.42755056885637,0.795877806782897,0.597648580367172,0.778800783071405,0.444969065271444
2172.2596244341,83,"Cgg.multiplier= 0.862164535593355 , Cgq.multiplier= 0.88327267542746 , lambda.multiplier= 0.466206722716804 , beta.multiplier= 0.778800783071405 , sigma.multiplier= 0.354890990597724",0.862164535593355,0.88327267542746,0.466206722716804,0.778800783071405,0.354890990597724
4538.76378215571,79,"Cgg.multiplier= 1.23587610907217 , Cgq.multiplier= 1.30935722710165 , lambda.multiplier= 0.432335156304741 , beta.multiplier= 0.778800783071405 , sigma.multiplier= 0.542163960845136",1.23587610907217,1.30935722710165,0.432335156304741,0.778800783071405,0.542163960845136
7385.03468814157,78,"Cgg.multiplier= 1.50640607007356 , Cgq.multiplier= 1.02066409498121 , lambda.multiplier= 0.338938525947379 , beta.multiplier= 0.778800783071405 , sigma.multiplier= 0.610078105800188",1.50640607007356,1.02066409498121,0.338938525947379,0.778800783071405,0.610078105800188
8802.55072215727,78,"Cgg.multiplier= 1.73510336862693 , Cgq.multiplier= 0.719650033514857 , lambda.multiplier= 0.578064213659891 , beta.multiplier= 0.778800783071405 , sigma.multiplier= 0.517260912575121",1.73510336862693,0.719650033514857,0.578064213659891,0.778800783071405,0.517260912575121
4581.34089459546,80,"Cgg.multiplier= 1.23699006058749 , Cgq.multiplier= 0.764655509349877 , lambda.multiplier= 0.393467798037547 , beta.multiplier= 0.778800783071405 , sigma.multiplier= 0.423166866918341",1.23699006058749,0.764655509349877,0.393467798037547,0.778800783071405,0.423166866918341
4757.57984048248,79,"Cgg.multiplier= 1.29385939757045 , Cgq.multiplier= 1.06690708279635 , lambda.multiplier= 0.559210714970003 , beta.multiplier= 0.778800783071405 , sigma.multiplier= 0.489171284028264",1.29385939757045,1.06690708279635,0.559210714970003,0.778800783071405,0.489171284028264
6943.94100864646,77,"Cgg.multiplier= 1.46562919479697 , Cgq.multiplier= 1.47471569994695 , lambda.multiplier= 0.370258803099998 , beta.multiplier= 0.778800783071405 , sigma.multiplier= 0.664177968232901",1.46562919479697,1.47471569994695,0.370258803099998,0.778800783071405,0.664177968232901
6863.64698307693,77,"Cgg.multiplier= 1.48272002349104 , Cgq.multiplier= 1.33698486135099 , lambda.multiplier= 0.461410381904779 , beta.multiplier= 0.778800783071405 , sigma.multiplier= 0.674141689284806",1.48272002349104,1.33698486135099,0.461410381904779,0.778800783071405,0.674141689284806
8149.61201202723,78,"Cgg.multiplier= 1.61982613100805 , Cgq.multiplier= 1.11632545069507 , lambda.multiplier= 0.438519743713008 , beta.multiplier= 0.778800783071405 , sigma.multiplier= 0.518942056213732",1.61982613100805,1.11632545069507,0.438519743713008,0.778800783071405,0.518942056213732
4477.24286657047,78,"Cgg.multiplier= 1.27733852040491 , Cgq.multiplier= 0.729769944634685 , lambda.multiplier= 0.632970346082392 , beta.multiplier= 0.778800783071405 , sigma.multiplier= 0.613830913100928",1.27733852040491,0.729769944634685,0.632970346082392,0.778800783071405,0.613830913100928
10173.8688487528,77,"Cgg.multiplier= 1.83031447910797 , Cgq.multiplier= 1.05353984559956 , lambda.multiplier= 0.459563093212249 , beta.multiplier= 0.778800783071405 , sigma.multiplier= 0.614164068312301",1.83031447910797,1.05353984559956,0.459563093212249,0.778800783071405,0.614164068312301
10484.9966740762,76,"Cgg.multiplier= 1.87605874501264 , Cgq.multiplier= 0.949554115275087 , lambda.multiplier= 0.487241253038897 , beta.multiplier= 0.778800783071405 , sigma.multiplier= 0.641912910666626",1.87605874501264,0.949554115275087,0.487241253038897,0.778800783071405,0.641912910666626
3885.17821379512,57,"Cgg.multiplier= 1.10703626300697 , Cgq.multiplier= 1.23709138939158 , lambda.multiplier= 0.48701381664181 , beta.multiplier= 0.778800783071405 , sigma.multiplier= 0.681695928758442",1.10703626300697,1.23709138939158,0.48701381664181,0.778800783071405,0.681695928758442
7780.04243902463,78,"Cgg.multiplier= 1.62493184651934 , Cgq.multiplier= 1.09270271884121 , lambda.multiplier= 0.550177030272699 , beta.multiplier= 0.778800783071405 , sigma.multiplier= 0.480699221564592",1.62493184651934,1.09270271884121,0.550177030272699,0.778800783071405,0.480699221564592
9965.40665436887,77,"Cgg.multiplier= 1.8138913602731 , Cgq.multiplier= 1.09333169857755 , lambda.multiplier= 0.473373389301358 , beta.multiplier= 0.778800783071405 , sigma.multiplier= 0.551305329564767",1.8138913602731,1.09333169857755,0.473373389301358,0.778800783071405,0.551305329564767
6093.98599193221,79,"Cgg.multiplier= 1.49727226670908 , Cgq.multiplier= 1.11846262537794 , lambda.multiplier= 0.688513443621863 , beta.multiplier= 0.778800783071405 , sigma.multiplier= 0.402084825290784",1.49727226670908,1.11846262537794,0.688513443621863,0.778800783071405,0.402084825290784
6601.96843972749,77,"Cgg.multiplier= 1.52684262196405 , Cgq.multiplier= 1.03790832408201 , lambda.multiplier= 0.693344559427607 , beta.multiplier= 0.778800783071405 , sigma.multiplier= 0.650049963389926",1.52684262196405,1.03790832408201,0.693344559427607,0.778800783071405,0.650049963389926
9655.45599751354,76,"Cgg.multiplier= 1.84949336619271 , Cgq.multiplier= 0.739231832595093 , lambda.multiplier= 0.671520576276703 , beta.multiplier= 0.778800783071405 , sigma.multiplier= 0.676629174560944",1.84949336619271,0.739231832595093,0.671520576276703,0.778800783071405,0.676629174560944
9846.66379847174,77,"Cgg.multiplier= 1.75782512240669 , Cgq.multiplier= 1.43442920042836 , lambda.multiplier= 0.348796021320159 , beta.multiplier= 0.778800783071405 , sigma.multiplier= 0.543040850749886",1.75782512240669,1.43442920042836,0.348796021320159,0.778800783071405,0.543040850749886
6544.68102519397,78,"Cgg.multiplier= 1.47232210937114 , Cgq.multiplier= 0.683832307546231 , lambda.multiplier= 0.501682771041705 , beta.multiplier= 0.778800783071405 , sigma.multiplier= 0.572302416940944",1.47232210937114,0.683832307546231,0.501682771041705,0.778800783071405,0.572302416940944
8654.32338220226,79,"Cgg.multiplier= 1.72715182061083 , Cgq.multiplier= 1.01049887834776 , lambda.multiplier= 0.448238657088835 , beta.multiplier= 0.778800783071405 , sigma.multiplier= 0.341979807861575",1.72715182061083,1.01049887834776,0.448238657088835,0.778800783071405,0.341979807861575
2606.61953158482,81,"Cgg.multiplier= 0.980662101246806 , Cgq.multiplier= 0.856781962542752 , lambda.multiplier= 0.577964426158075 , beta.multiplier= 0.778800783071405 , sigma.multiplier= 0.411533774412175",0.980662101246806,0.856781962542752,0.577964426158075,0.778800783071405,0.411533774412175
8193.02185224089,78,"Cgg.multiplier= 1.66713587632287 , Cgq.multiplier= 0.752175252028081 , lambda.multiplier= 0.563625980791762 , beta.multiplier= 0.778800783071405 , sigma.multiplier= 0.514130233617257",1.66713587632287,0.752175252028081,0.563625980791762,0.778800783071405,0.514130233617257
6532.16414320067,78,"Cgg.multiplier= 1.51851593839133 , Cgq.multiplier= 1.06704425579939 , lambda.multiplier= 0.650080776254627 , beta.multiplier= 0.778800783071405 , sigma.multiplier= 0.516461145905164",1.51851593839133,1.06704425579939,0.650080776254627,0.778800783071405,0.516461145905164
3120.91523739808,55,"Cgg.multiplier= 1.01729433403279 , Cgq.multiplier= 1.20440377376068 , lambda.multiplier= 0.684619792496295 , beta.multiplier= 0.778800783071405 , sigma.multiplier= 0.612977338346322",1.01729433403279,1.20440377376068,0.684619792496295,0.778800783071405,0.612977338346322
2452.77423346595,82,"Cgg.multiplier= 0.945373572671129 , Cgq.multiplier= 1.42719674464275 , lambda.multiplier= 0.53936544713108 , beta.multiplier= 0.778800783071405 , sigma.multiplier= 0.420576903148878",0.945373572671129,1.42719674464275,0.53936544713108,0.778800783071405,0.420576903148878
5351.45138204768,78,"Cgg.multiplier= 1.35022378504631 , Cgq.multiplier= 0.968199117255591 , lambda.multiplier= 0.524348633108817 , beta.multiplier= 0.778800783071405 , sigma.multiplier= 0.583515537685238",1.35022378504631,0.968199117255591,0.524348633108817,0.778800783071405,0.583515537685238
8011.89690752898,78,"Cgg.multiplier= 1.6828111173913 , Cgq.multiplier= 1.37281741812583 , lambda.multiplier= 0.682062541295651 , beta.multiplier= 0.778800783071405 , sigma.multiplier= 0.533062902878347",1.6828111173913,1.37281741812583,0.682062541295651,0.778800783071405,0.533062902878347
7521.63555186085,78,"Cgg.multiplier= 1.6344573664585 , Cgq.multiplier= 0.917515849216852 , lambda.multiplier= 0.662916364391672 , beta.multiplier= 0.778800783071405 , sigma.multiplier= 0.483877810182122",1.6344573664585,0.917515849216852,0.662916364391672,0.778800783071405,0.483877810182122
9140.45381433814,77,"Cgg.multiplier= 1.72274949731554 , Cgq.multiplier= 1.05286389437522 , lambda.multiplier= 0.47585668585008 , beta.multiplier= 0.778800783071405 , sigma.multiplier= 0.650715988938369",1.72274949731554,1.05286389437522,0.47585668585008,0.778800783071405,0.650715988938369
3265.15942824486,82,"Cgg.multiplier= 1.04020095193174 , Cgq.multiplier= 0.787573951200355 , lambda.multiplier= 0.336051266976277 , beta.multiplier= 0.778800783071405 , sigma.multiplier= 0.359970110851691",1.04020095193174,0.787573951200355,0.336051266976277,0.778800783071405,0.359970110851691
9708.97092159657,78,"Cgg.multiplier= 1.85723001229815 , Cgq.multiplier= 1.33386495649312 , lambda.multiplier= 0.618645196747554 , beta.multiplier= 0.778800783071405 , sigma.multiplier= 0.439379358742471",1.85723001229815,1.33386495649312,0.618645196747554,0.778800783071405,0.439379358742471
3736.16314313487,58,"Cgg.multiplier= 1.170432050603 , Cgq.multiplier= 1.2172841126323 , lambda.multiplier= 0.675957309224824 , beta.multiplier= 0.778800783071405 , sigma.multiplier= 0.604178646307617",1.170432050603,1.2172841126323,0.675957309224824,0.778800783071405,0.604178646307617
2912.34512172183,56,"Cgg.multiplier= 1.01795407474717 , Cgq.multiplier= 0.721204849157549 , lambda.multiplier= 0.463117298310376 , beta.multiplier= 0.778800783071405 , sigma.multiplier= 0.52875027339178",1.01795407474717,0.721204849157549,0.463117298310376,0.778800783071405,0.52875027339178
7922.89007642992,79,"Cgg.multiplier= 1.6195321479587 , Cgq.multiplier= 1.02432740491691 , lambda.multiplier= 0.411678684720546 , beta.multiplier= 0.778800783071405 , sigma.multiplier= 0.386374978317081",1.6195321479587,1.02432740491691,0.411678684720546,0.778800783071405,0.386374978317081
4399.61679028465,79,"Cgg.multiplier= 1.20256448616483 , Cgq.multiplier= 0.996338341445004 , lambda.multiplier= 0.35064399938501 , beta.multiplier= 0.778800783071405 , sigma.multiplier= 0.581143499775687",1.20256448616483,0.996338341445004,0.35064399938501,0.778800783071405,0.581143499775687
8246.48572549278,79,"Cgg.multiplier= 1.68222182138262 , Cgq.multiplier= 1.24287325928072 , lambda.multiplier= 0.468406937963438 , beta.multiplier= 0.778800783071405 , sigma.multiplier= 0.357505209611565",1.68222182138262,1.24287325928072,0.468406937963438,0.778800783071405,0.357505209611565
4935.6034654934,80,"Cgg.multiplier= 1.27677730354833 , Cgq.multiplier= 1.21195420591056 , lambda.multiplier= 0.387479971494029 , beta.multiplier= 0.778800783071405 , sigma.multiplier= 0.428621741075617",1.27677730354833,1.21195420591056,0.387479971494029,0.778800783071405,0.428621741075617
8004.73363539248,77,"Cgg.multiplier= 1.57651002703581 , Cgq.multiplier= 1.0049605488577 , lambda.multiplier= 0.368490043491975 , beta.multiplier= 0.778800783071405 , sigma.multiplier= 0.59760692222122",1.57651002703581,1.0049605488577,0.368490043491975,0.778800783071405,0.59760692222122
8257.50171854772,80,"Cgg.multiplier= 1.67907371937176 , Cgq.multiplier= 0.922456434747108 , lambda.multiplier= 0.416545592863695 , beta.multiplier= 0.778800783071405 , sigma.multiplier= 0.33425086825062",1.67907371937176,0.922456434747108,0.416545592863695,0.778800783071405,0.33425086825062
3156.76520484988,82,"Cgg.multiplier= 1.05887841604263 , Cgq.multiplier= 0.879891916660793 , lambda.multiplier= 0.531325016760035 , beta.multiplier= 0.778800783071405 , sigma.multiplier= 0.358865756812331",1.05887841604263,0.879891916660793,0.531325016760035,0.778800783071405,0.358865756812331
2373.06442042236,54,"Cgg.multiplier= 0.8913886537568 , Cgq.multiplier= 1.22283791254033 , lambda.multiplier= 0.374095247616689 , beta.multiplier= 0.778800783071405 , sigma.multiplier= 0.47869786927136",0.8913886537568,1.22283791254033,0.374095247616689,0.778800783071405,0.47869786927136
2857.56259699792,55,"Cgg.multiplier= 1.0038633481163 , Cgq.multiplier= 1.40506841209035 , lambda.multiplier= 0.690290153328089 , beta.multiplier= 0.778800783071405 , sigma.multiplier= 0.54811935707398",1.0038633481163,1.40506841209035,0.690290153328089,0.778800783071405,0.54811935707398
6799.22559760333,79,"Cgg.multiplier= 1.57816749667581 , Cgq.multiplier= 1.36509623239959 , lambda.multiplier= 0.683160119609211 , beta.multiplier= 0.778800783071405 , sigma.multiplier= 0.393162673987727",1.57816749667581,1.36509623239959,0.683160119609211,0.778800783071405,0.393162673987727
9419.35919472883,78,"Cgg.multiplier= 1.84678993941769 , Cgq.multiplier= 0.993090749118174 , lambda.multiplier= 0.701694581938826 , beta.multiplier= 0.778800783071405 , sigma.multiplier= 0.511091590020381",1.84678993941769,0.993090749118174,0.701694581938826,0.778800783071405,0.511091590020381
6047.1987821635,77,"Cgg.multiplier= 1.44138722177174 , Cgq.multiplier= 0.73526043235162 , lambda.multiplier= 0.590682713754787 , beta.multiplier= 0.778800783071405 , sigma.multiplier= 0.636671166307543",1.44138722177174,0.73526043235162,0.590682713754787,0.778800783071405,0.636671166307543
6768.55306751522,80,"Cgg.multiplier= 1.49547077113315 , Cgq.multiplier= 1.35087344084562 , lambda.multiplier= 0.37126599620933 , beta.multiplier= 0.778800783071405 , sigma.multiplier= 0.352358609384481",1.49547077113315,1.35087344084562,0.37126599620933,0.778800783071405,0.352358609384481
3388.39134357524,81,"Cgg.multiplier= 1.0685042342809 , Cgq.multiplier= 0.730201019237557 , lambda.multiplier= 0.320122488544505 , beta.multiplier= 0.778800783071405 , sigma.multiplier= 0.499179614516667",1.0685042342809,0.730201019237557,0.320122488544505,0.778800783071405,0.499179614516667
5933.85045989653,77,"Cgg.multiplier= 1.42529313715767 , Cgq.multiplier= 0.764598119496893 , lambda.multiplier= 0.5830322695277 , beta.multiplier= 0.778800783071405 , sigma.multiplier= 0.658486510258974",1.42529313715767,0.764598119496893,0.5830322695277,0.778800783071405,0.658486510258974
2951.09574870403,80,"Cgg.multiplier= 1.05010926908438 , Cgq.multiplier= 1.19607010087073 , lambda.multiplier= 0.580984388126449 , beta.multiplier= 0.778800783071405 , sigma.multiplier= 0.485721865058909",1.05010926908438,1.19607010087073,0.580984388126449,0.778800783071405,0.485721865058909
4848.7622365524,80,"Cgg.multiplier= 1.33737269637115 , Cgq.multiplier= 0.933666670635625 , lambda.multiplier= 0.67267807875362 , beta.multiplier= 0.778800783071405 , sigma.multiplier= 0.423993430023489",1.33737269637115,0.933666670635625,0.67267807875362,0.778800783071405,0.423993430023489
4112.64801991054,81,"Cgg.multiplier= 1.19514626791036 , Cgq.multiplier= 0.825378659765835 , lambda.multiplier= 0.475125160805752 , beta.multiplier= 0.778800783071405 , sigma.multiplier= 0.338807923412456",1.19514626791036,0.825378659765835,0.475125160805752,0.778800783071405,0.338807923412456
3226.00233755538,55,"Cgg.multiplier= 0.983252835403726 , Cgq.multiplier= 0.993852928193037 , lambda.multiplier= 0.48056493246888 , beta.multiplier= 0.778800783071405 , sigma.multiplier= 0.660033518758679",0.983252835403726,0.993852928193037,0.48056493246888,0.778800783071405,0.660033518758679
3153.46853889253,81,"Cgg.multiplier= 1.05701464531332 , Cgq.multiplier= 1.37847842798066 , lambda.multiplier= 0.525144536583268 , beta.multiplier= 0.778800783071405 , sigma.multiplier= 0.374023909326979",1.05701464531332,1.37847842798066,0.525144536583268,0.778800783071405,0.374023909326979
7978.00459379654,79,"Cgg.multiplier= 1.63045125588972 , Cgq.multiplier= 0.956130884855928 , lambda.multiplier= 0.477152825527945 , beta.multiplier= 0.778800783071405 , sigma.multiplier= 0.439797073103631",1.63045125588972,0.956130884855928,0.477152825527945,0.778800783071405,0.439797073103631
5217.26959560425,79,"Cgg.multiplier= 1.29516416820542 , Cgq.multiplier= 0.671498000292088 , lambda.multiplier= 0.35452790804434 , beta.multiplier= 0.778800783071405 , sigma.multiplier= 0.580750700667398",1.29516416820542,0.671498000292088,0.35452790804434,0.778800783071405,0.580750700667398
4962.0563152649,80,"Cgg.multiplier= 1.2974611833302 , Cgq.multiplier= 1.41894446368709 , lambda.multiplier= 0.464200129296577 , beta.multiplier= 0.778800783071405 , sigma.multiplier= 0.426310294836985",1.2974611833302,1.41894446368709,0.464200129296577,0.778800783071405,0.426310294836985
5770.24561628702,79,"Cgg.multiplier= 1.36735487992727 , Cgq.multiplier= 1.45216528637557 , lambda.multiplier= 0.393471154910315 , beta.multiplier= 0.778800783071405 , sigma.multiplier= 0.481458506990807",1.36735487992727,1.45216528637557,0.393471154910315,0.778800783071405,0.481458506990807
4833.06060533954,79,"Cgg.multiplier= 1.31164318304648 , Cgq.multiplier= 1.07361227413727 , lambda.multiplier= 0.597983377694132 , beta.multiplier= 0.778800783071405 , sigma.multiplier= 0.505829113353427",1.31164318304648,1.07361227413727,0.597983377694132,0.778800783071405,0.505829113353427
3021.27521246162,82,"Cgg.multiplier= 1.00468249235736 , Cgq.multiplier= 1.0512120868895 , lambda.multiplier= 0.320908842269778 , beta.multiplier= 0.778800783071405 , sigma.multiplier= 0.410318420044976",1.00468249235736,1.0512120868895,0.320908842269778,0.778800783071405,0.410318420044976
8351.06259888804,78,"Cgg.multiplier= 1.73060690710683 , Cgq.multiplier= 1.1603246070376 , lambda.multiplier= 0.673200736362616 , beta.multiplier= 0.778800783071405 , sigma.multiplier= 0.456393581812149",1.73060690710683,1.1603246070376,0.673200736362616,0.778800783071405,0.456393581812149
5954.54426882319,80,"Cgg.multiplier= 1.48548995018612 , Cgq.multiplier= 1.41464512202771 , lambda.multiplier= 0.665971718265193 , beta.multiplier= 0.778800783071405 , sigma.multiplier= 0.343472346641834",1.48548995018612,1.41464512202771,0.665971718265193,0.778800783071405,0.343472346641834
8238.26276466972,78,"Cgg.multiplier= 1.69866400643577 , Cgq.multiplier= 0.812441319322286 , lambda.multiplier= 0.609287172221316 , beta.multiplier= 0.778800783071405 , sigma.multiplier= 0.456605030011698",1.69866400643577,0.812441319322286,0.609287172221316,0.778800783071405,0.456605030011698
8050.05882200312,76,"Cgg.multiplier= 1.671908643773 , Cgq.multiplier= 1.31592500615893 , lambda.multiplier= 0.686031286570352 , beta.multiplier= 0.778800783071405 , sigma.multiplier= 0.698083128761062",1.671908643773,1.31592500615893,0.686031286570352,0.778800783071405,0.698083128761062
9475.00546649285,79,"Cgg.multiplier= 1.82910404587732 , Cgq.multiplier= 0.861676726509003 , lambda.multiplier= 0.559396666512896 , beta.multiplier= 0.778800783071405 , sigma.multiplier= 0.390390942072122",1.82910404587732,0.861676726509003,0.559396666512896,0.778800783071405,0.390390942072122
9287.76892123977,76,"Cgg.multiplier= 1.77063820488234 , Cgq.multiplier= 1.14436783395463 , lambda.multiplier= 0.571179235176746 , beta.multiplier= 0.778800783071405 , sigma.multiplier= 0.654975760101995",1.77063820488234,1.14436783395463,0.571179235176746,0.778800783071405,0.654975760101995
4146.41527488912,81,"Cgg.multiplier= 1.19506387071542 , Cgq.multiplier= 1.36110444032357 , lambda.multiplier= 0.464630081326515 , beta.multiplier= 0.778800783071405 , sigma.multiplier= 0.360325365098994",1.19506387071542,1.36110444032357,0.464630081326515,0.778800783071405,0.360325365098994
3879.32989941961,81,"Cgg.multiplier= 1.13418454935571 , Cgq.multiplier= 0.778926063681873 , lambda.multiplier= 0.342095122774712 , beta.multiplier= 0.778800783071405 , sigma.multiplier= 0.391953204131574",1.13418454935571,0.778926063681873,0.342095122774712,0.778800783071405,0.391953204131574
8020.59919202189,77,"Cgg.multiplier= 1.64367501530586 , Cgq.multiplier= 1.40629882560416 , lambda.multiplier= 0.584733995583135 , beta.multiplier= 0.778800783071405 , sigma.multiplier= 0.599974994839496",1.64367501530586,1.40629882560416,0.584733995583135,0.778800783071405,0.599974994839496
8470.89907387444,79,"Cgg.multiplier= 1.64904903518349 , Cgq.multiplier= 1.04010996566177 , lambda.multiplier= 0.366107052422988 , beta.multiplier= 0.778800783071405 , sigma.multiplier= 0.421506824216574",1.64904903518349,1.04010996566177,0.366107052422988,0.778800783071405,0.421506824216574
9981.58004954572,79,"Cgg.multiplier= 1.82894330703751 , Cgq.multiplier= 1.40486230007249 , lambda.multiplier= 0.429683305151585 , beta.multiplier= 0.778800783071405 , sigma.multiplier= 0.398151918341761",1.82894330703751,1.40486230007249,0.429683305151585,0.778800783071405,0.398151918341761
8526.32246909356,78,"Cgg.multiplier= 1.69739212227666 , Cgq.multiplier= 0.874501067983848 , lambda.multiplier= 0.561970920815309 , beta.multiplier= 0.778800783071405 , sigma.multiplier= 0.542689955449848",1.69739212227666,0.874501067983848,0.561970920815309,0.778800783071405,0.542689955449848
2898.31093616482,82,"Cgg.multiplier= 1.00134843798518 , Cgq.multiplier= 0.739076119075928 , lambda.multiplier= 0.467986096670868 , beta.multiplier= 0.778800783071405 , sigma.multiplier= 0.349365060314534",1.00134843798518,0.739076119075928,0.467986096670868,0.778800783071405,0.349365060314534
4088.70114954369,80,"Cgg.multiplier= 1.16423586833772 , Cgq.multiplier= 0.710278915145715 , lambda.multiplier= 0.343965539682741 , beta.multiplier= 0.778800783071405 , sigma.multiplier= 0.499760457408326",1.16423586833772,0.710278915145715,0.343965539682741,0.778800783071405,0.499760457408326
3015.14736853998,81,"Cgg.multiplier= 1.06605876853721 , Cgq.multiplier= 1.4752433385186 , lambda.multiplier= 0.651747385431041 , beta.multiplier= 0.778800783071405 , sigma.multiplier= 0.435295102946368",1.06605876853721,1.4752433385186,0.651747385431041,0.778800783071405,0.435295102946368
8850.21958600462,76,"Cgg.multiplier= 1.68781231327517 , Cgq.multiplier= 1.06806609754442 , lambda.multiplier= 0.466110337804976 , beta.multiplier= 0.778800783071405 , sigma.multiplier= 0.6622750839666",1.68781231327517,1.06806609754442,0.466110337804976,0.778800783071405,0.6622750839666
2723.06390708709,81,"Cgg.multiplier= 0.996646566403189 , Cgq.multiplier= 1.36481435584498 , lambda.multiplier= 0.576926124919462 , beta.multiplier= 0.778800783071405 , sigma.multiplier= 0.398742413530119",0.996646566403189,1.36481435584498,0.576926124919462,0.778800783071405,0.398742413530119
2875.93790471154,81,"Cgg.multiplier= 0.996875593603414 , Cgq.multiplier= 1.01230717859256 , lambda.multiplier= 0.324862022457109 , beta.multiplier= 0.778800783071405 , sigma.multiplier= 0.518821455992333",0.996875593603414,1.01230717859256,0.324862022457109,0.778800783071405,0.518821455992333
2526.79377779853,82,"Cgg.multiplier= 0.936922931909417 , Cgq.multiplier= 1.07231722119971 , lambda.multiplier= 0.547616075886822 , beta.multiplier= 0.778800783071405 , sigma.multiplier= 0.322132124689721",0.936922931909417,1.07231722119971,0.547616075886822,0.778800783071405,0.322132124689721
2566.26299418236,55,"Cgg.multiplier= 0.916750701040845 , Cgq.multiplier= 0.820891840710272 , lambda.multiplier= 0.423832516700141 , beta.multiplier= 0.778800783071405 , sigma.multiplier= 0.521068644057008",0.916750701040845,0.820891840710272,0.423832516700141,0.778800783071405,0.521068644057008
6064.7809500431,79,"Cgg.multiplier= 1.42174660541247 , Cgq.multiplier= 1.2939747232326 , lambda.multiplier= 0.471518491853827 , beta.multiplier= 0.778800783071405 , sigma.multiplier= 0.466249838754207",1.42174660541247,1.2939747232326,0.471518491853827,0.778800783071405,0.466249838754207
2905.39973709135,83,"Cgg.multiplier= 0.979174399344275 , Cgq.multiplier= 0.920996688478031 , lambda.multiplier= 0.373220639326516 , beta.multiplier= 0.778800783071405 , sigma.multiplier= 0.317231981391972",0.979174399344275,0.920996688478031,0.373220639326516,0.778800783071405,0.317231981391972
7772.63040281127,78,"Cgg.multiplier= 1.64464679882969 , Cgq.multiplier= 0.806425496707126 , lambda.multiplier= 0.636422772178741 , beta.multiplier= 0.778800783071405 , sigma.multiplier= 0.536422624931592",1.64464679882969,0.806425496707126,0.636422772178741,0.778800783071405,0.536422624931592
8424.95629535967,78,"Cgg.multiplier= 1.63212356747253 , Cgq.multiplier= 0.697272909588076 , lambda.multiplier= 0.371123009728591 , beta.multiplier= 0.778800783071405 , sigma.multiplier= 0.490416209576833",1.63212356747253,0.697272909588076,0.371123009728591,0.778800783071405,0.490416209576833
9091.42764044103,77,"Cgg.multiplier= 1.79435919113508 , Cgq.multiplier= 0.782459709549387 , lambda.multiplier= 0.669393857877332 , beta.multiplier= 0.778800783071405 , sigma.multiplier= 0.55563197092775",1.79435919113508,0.782459709549387,0.669393857877332,0.778800783071405,0.55563197092775
5299.04862303794,80,"Cgg.multiplier= 1.40617370625921 , Cgq.multiplier= 0.815838431989781 , lambda.multiplier= 0.665853780665328 , beta.multiplier= 0.778800783071405 , sigma.multiplier= 0.336122082318805",1.40617370625921,0.815838431989781,0.665853780665328,0.778800783071405,0.336122082318805
9742.01843555178,77,"Cgg.multiplier= 1.75935276753552 , Cgq.multiplier= 1.09714137287488 , lambda.multiplier= 0.391278151329383 , beta.multiplier= 0.778800783071405 , sigma.multiplier= 0.569935213763015",1.75935276753552,1.09714137287488,0.391278151329383,0.778800783071405,0.569935213763015
5099.60068289425,80,"Cgg.multiplier= 1.32778402719742 , Cgq.multiplier= 1.33665954398819 , lambda.multiplier= 0.52319270905057 , beta.multiplier= 0.778800783071405 , sigma.multiplier= 0.441982234283845",1.32778402719742,1.33665954398819,0.52319270905057,0.778800783071405,0.441982234283845
2963.54686010669,82,"Cgg.multiplier= 1.02724509311979 , Cgq.multiplier= 0.765090475944352 , lambda.multiplier= 0.519247964322924 , beta.multiplier= 0.778800783071405 , sigma.multiplier= 0.378123963133367",1.02724509311979,0.765090475944352,0.519247964322924,0.778800783071405,0.378123963133367
5359.81417406972,80,"Cgg.multiplier= 1.32728653697492 , Cgq.multiplier= 1.40427019957701 , lambda.multiplier= 0.378855261488946 , beta.multiplier= 0.778800783071405 , sigma.multiplier= 0.39885486479244",1.32728653697492,1.40427019957701,0.378855261488946,0.778800783071405,0.39885486479244
10346.9704934877,78,"Cgg.multiplier= 1.88150524117775 , Cgq.multiplier= 1.14297511417707 , lambda.multiplier= 0.518255436593284 , beta.multiplier= 0.778800783071405 , sigma.multiplier= 0.461114255202777",1.88150524117775,1.14297511417707,0.518255436593284,0.778800783071405,0.461114255202777
5834.8058844179,78,"Cgg.multiplier= 1.371867244371 , Cgq.multiplier= 0.790729949747211 , lambda.multiplier= 0.403755652558441 , beta.multiplier= 0.778800783071405 , sigma.multiplier= 0.57806229037436",1.371867244371,0.790729949747211,0.403755652558441,0.778800783071405,0.57806229037436
3728.13465748644,81,"Cgg.multiplier= 1.12700943226115 , Cgq.multiplier= 1.41197920724087 , lambda.multiplier= 0.425877868927161 , beta.multiplier= 0.778800783071405 , sigma.multiplier= 0.37742249381874",1.12700943226115,1.41197920724087,0.425877868927161,0.778800783071405,0.37742249381874
3609.17532045835,80,"Cgg.multiplier= 1.13463749901395 , Cgq.multiplier= 0.878162751538357 , lambda.multiplier= 0.512093399791441 , beta.multiplier= 0.778800783071405 , sigma.multiplier= 0.473318914883698",1.13463749901395,0.878162751538357,0.512093399791441,0.778800783071405,0.473318914883698
6304.92639344161,80,"Cgg.multiplier= 1.43244419749452 , Cgq.multiplier= 0.794036675175081 , lambda.multiplier= 0.378321659032736 , beta.multiplier= 0.778800783071405 , sigma.multiplier= 0.418528772200267",1.43244419749452,0.794036675175081,0.378321659032736,0.778800783071405,0.418528772200267
6652.00319281011,79,"Cgg.multiplier= 1.54621836004087 , Cgq.multiplier= 1.30168511283273 , lambda.multiplier= 0.673888743310979 , beta.multiplier= 0.778800783071405 , sigma.multiplier= 0.452299254584589",1.54621836004087,1.30168511283273,0.673888743310979,0.778800783071405,0.452299254584589
4206.17946574569,81,"Cgg.multiplier= 1.21557392942013 , Cgq.multiplier= 0.859367432954113 , lambda.multiplier= 0.510285810090288 , beta.multiplier= 0.778800783071405 , sigma.multiplier= 0.360552544178601",1.21557392942013,0.859367432954113,0.510285810090288,0.778800783071405,0.360552544178601
2307.70093472484,82,"Cgg.multiplier= 0.924999771165009 , Cgq.multiplier= 0.921207014588626 , lambda.multiplier= 0.55542185096706 , beta.multiplier= 0.778800783071405 , sigma.multiplier= 0.430479335748822",0.924999771165009,0.921207014588626,0.55542185096706,0.778800783071405,0.430479335748822
4942.80627077003,80,"Cgg.multiplier= 1.33676548796081 , Cgq.multiplier= 1.09632739462045 , lambda.multiplier= 0.605320128422311 , beta.multiplier= 0.778800783071405 , sigma.multiplier= 0.367902937973521",1.33676548796081,1.09632739462045,0.605320128422311,0.778800783071405,0.367902937973521
8956.88209793275,78,"Cgg.multiplier= 1.74545434097669 , Cgq.multiplier= 0.945195228707218 , lambda.multiplier= 0.555993890492862 , beta.multiplier= 0.778800783071405 , sigma.multiplier= 0.494441683055896",1.74545434097669,0.945195228707218,0.555993890492862,0.778800783071405,0.494441683055896
6038.49667942802,78,"Cgg.multiplier= 1.46685431499846 , Cgq.multiplier= 0.797189090825008 , lambda.multiplier= 0.677579230360032 , beta.multiplier= 0.778800783071405 , sigma.multiplier= 0.602092688334225",1.46685431499846,0.797189090825008,0.677579230360032,0.778800783071405,0.602092688334225
4590.32745727479,81,"Cgg.multiplier= 1.23343356299051 , Cgq.multiplier= 0.889143885727536 , lambda.multiplier= 0.347827739257771 , beta.multiplier= 0.778800783071405 , sigma.multiplier= 0.337533005740754",1.23343356299051,0.889143885727536,0.347827739257771,0.778800783071405,0.337533005740754
6580.32071360053,79,"Cgg.multiplier= 1.43815098811197 , Cgq.multiplier= 0.95846659529426 , lambda.multiplier= 0.327549234705982 , beta.multiplier= 0.778800783071405 , sigma.multiplier= 0.46898979223211",1.43815098811197,0.95846659529426,0.327549234705982,0.778800783071405,0.46898979223211
9713.09981098037,76,"Cgg.multiplier= 1.80237687730625 , Cgq.multiplier= 1.14552629497183 , lambda.multiplier= 0.526777606666879 , beta.multiplier= 0.778800783071405 , sigma.multiplier= 0.643202560125446",1.80237687730625,1.14552629497183,0.526777606666879,0.778800783071405,0.643202560125446
5810.84013417994,79,"Cgg.multiplier= 1.37756612773418 , Cgq.multiplier= 1.3345901821138 , lambda.multiplier= 0.410235744697666 , beta.multiplier= 0.778800783071405 , sigma.multiplier= 0.471034200299136",1.37756612773418,1.3345901821138,0.410235744697666,0.778800783071405,0.471034200299136
2915.54155009429,80,"Cgg.multiplier= 1.04175116795393 , Cgq.multiplier= 1.43700595096527 , lambda.multiplier= 0.566866821175498 , beta.multiplier= 0.778800783071405 , sigma.multiplier= 0.493731794183226",1.04175116795393,1.43700595096527,0.566866821175498,0.778800783071405,0.493731794183226
6377.31722036946,77,"Cgg.multiplier= 1.43351490888389 , Cgq.multiplier= 1.35534265661519 , lambda.multiplier= 0.463218033044095 , beta.multiplier= 0.778800783071405 , sigma.multiplier= 0.68844634736621",1.43351490888389,1.35534265661519,0.463218033044095,0.778800783071405,0.68844634736621
10954.6657903803,76,"Cgg.multiplier= 1.87489568875075 , Cgq.multiplier= 0.774653416058272 , lambda.multiplier= 0.334818404359126 , beta.multiplier= 0.778800783071405 , sigma.multiplier= 0.617723457797473",1.87489568875075,0.774653416058272,0.334818404359126,0.778800783071405,0.617723457797473
4339.62780245496,80,"Cgg.multiplier= 1.19159197725172 , Cgq.multiplier= 1.20384948820602 , lambda.multiplier= 0.335317753684596 , beta.multiplier= 0.778800783071405 , sigma.multiplier= 0.501627865653407",1.19159197725172,1.20384948820602,0.335317753684596,0.778800783071405,0.501627865653407
8553.58066317971,67,"Cgg.multiplier= 1.72621367779251 , Cgq.multiplier= 1.23744714397257 , lambda.multiplier= 0.690269147439696 , beta.multiplier= 0.778800783071405 , sigma.multiplier= 0.698700352892982",1.72621367779251,1.23744714397257,0.690269147439696,0.778800783071405,0.698700352892982
4149.39207563827,80,"Cgg.multiplier= 1.18459904554539 , Cgq.multiplier= 0.696645018377602 , lambda.multiplier= 0.404517490921 , beta.multiplier= 0.778800783071405 , sigma.multiplier= 0.431349309975252",1.18459904554539,0.696645018377602,0.404517490921,0.778800783071405,0.431349309975252
3381.31089049531,82,"Cgg.multiplier= 1.05633050646084 , Cgq.multiplier= 1.42650616440359 , lambda.multiplier= 0.321058059122276 , beta.multiplier= 0.778800783071405 , sigma.multiplier= 0.38700576880839",1.05633050646084,1.42650616440359,0.321058059122276,0.778800783071405,0.38700576880839
2849.19032873251,54,"Cgg.multiplier= 0.911705744855707 , Cgq.multiplier= 1.06338446238942 , lambda.multiplier= 0.401416529240843 , beta.multiplier= 0.778800783071405 , sigma.multiplier= 0.616427654041795",0.911705744855707,1.06338446238942,0.401416529240843,0.778800783071405,0.616427654041795
3954.02852550369,58,"Cgg.multiplier= 1.11985313799786 , Cgq.multiplier= 0.889267940951529 , lambda.multiplier= 0.338343416753031 , beta.multiplier= 0.778800783071405 , sigma.multiplier= 0.654521860921994",1.11985313799786,0.889267940951529,0.338343416753031,0.778800783071405,0.654521860921994
4530.2798892984,80,"Cgg.multiplier= 1.23106709267201 , Cgq.multiplier= 1.37394758359134 , lambda.multiplier= 0.407818021189924 , beta.multiplier= 0.778800783071405 , sigma.multiplier= 0.438111504110329",1.23106709267201,1.37394758359134,0.407818021189924,0.778800783071405,0.438111504110329
3463.29366950105,56,"Cgg.multiplier= 1.02845000900458 , Cgq.multiplier= 0.85856494341973 , lambda.multiplier= 0.472903588660048 , beta.multiplier= 0.778800783071405 , sigma.multiplier= 0.671418515833932",1.02845000900458,0.85856494341973,0.472903588660048,0.778800783071405,0.671418515833932
4425.08745257576,59,"Cgg.multiplier= 1.18148053384753 , Cgq.multiplier= 1.32090808627747 , lambda.multiplier= 0.32218762467294 , beta.multiplier= 0.778800783071405 , sigma.multiplier= 0.671746215517192",1.18148053384753,1.32090808627747,0.32218762467294,0.778800783071405,0.671746215517192
2758.64659198252,54,"Cgg.multiplier= 0.87921852590361 , Cgq.multiplier= 1.20164860233979 , lambda.multiplier= 0.45701944451109 , beta.multiplier= 0.778800783071405 , sigma.multiplier= 0.629987591787912",0.87921852590361,1.20164860233979,0.45701944451109,0.778800783071405,0.629987591787912
10522.0588747785,78,"Cgg.multiplier= 1.91190448180393 , Cgq.multiplier= 1.01891296826137 , lambda.multiplier= 0.543452665150109 , beta.multiplier= 0.778800783071405 , sigma.multiplier= 0.453555634375017",1.91190448180393,1.01891296826137,0.543452665150109,0.778800783071405,0.453555634375017
8709.90266788082,77,"Cgg.multiplier= 1.70920846902262 , Cgq.multiplier= 0.748419070427798 , lambda.multiplier= 0.551715829369017 , beta.multiplier= 0.778800783071405 , sigma.multiplier= 0.578793800691599",1.70920846902262,0.748419070427798,0.551715829369017,0.778800783071405,0.578793800691599
2584.53641392442,82,"Cgg.multiplier= 0.952036039551737 , Cgq.multiplier= 0.673168780949965 , lambda.multiplier= 0.418973125425801 , beta.multiplier= 0.778800783071405 , sigma.multiplier= 0.420982563884694",0.952036039551737,0.673168780949965,0.418973125425801,0.778800783071405,0.420982563884694
9373.88858235195,67,"Cgg.multiplier= 1.77834216884896 , Cgq.multiplier= 1.106648825713 , lambda.multiplier= 0.57862910494586 , beta.multiplier= 0.778800783071405 , sigma.multiplier= 0.688285286049171",1.77834216884896,1.106648825713,0.57862910494586,0.778800783071405,0.688285286049171
5632.15214691262,80,"Cgg.multiplier= 1.44570336468955 , Cgq.multiplier= 1.101040780646 , lambda.multiplier= 0.679777607069659 , beta.multiplier= 0.778800783071405 , sigma.multiplier= 0.363737726737251",1.44570336468955,1.101040780646,0.679777607069659,0.778800783071405,0.363737726737251
5322.39985362233,80,"Cgg.multiplier= 1.30519177914339 , Cgq.multiplier= 0.845452970797224 , lambda.multiplier= 0.318030419371319 , beta.multiplier= 0.778800783071405 , sigma.multiplier= 0.441967470332042",1.30519177914339,0.845452970797224,0.318030419371319,0.778800783071405,0.441967470332042
2687.56029130481,54,"Cgg.multiplier= 0.93205351524653 , Cgq.multiplier= 1.25928308463075 , lambda.multiplier= 0.622021972860103 , beta.multiplier= 0.778800783071405 , sigma.multiplier= 0.560638096681781",0.93205351524653,1.25928308463075,0.622021972860103,0.778800783071405,0.560638096681781
5886.87294219024,79,"Cgg.multiplier= 1.45293117765602 , Cgq.multiplier= 1.46006826567538 , lambda.multiplier= 0.62976824245999 , beta.multiplier= 0.778800783071405 , sigma.multiplier= 0.410517829617323",1.45293117765602,1.46006826567538,0.62976824245999,0.778800783071405,0.410517829617323
3138.60695286094,55,"Cgg.multiplier= 0.935307753898167 , Cgq.multiplier= 1.0960784683997 , lambda.multiplier= 0.344979410939615 , beta.multiplier= 0.778800783071405 , sigma.multiplier= 0.677037642659377",0.935307753898167,1.0960784683997,0.344979410939615,0.778800783071405,0.677037642659377
3197.75409307645,57,"Cgg.multiplier= 1.08369113829679 , Cgq.multiplier= 0.813695628187932 , lambda.multiplier= 0.536661597789255 , beta.multiplier= 0.778800783071405 , sigma.multiplier= 0.546674166607356",1.08369113829679,0.813695628187932,0.536661597789255,0.778800783071405,0.546674166607356
6083.55603740989,79,"Cgg.multiplier= 1.44046564499006 , Cgq.multiplier= 1.13244938355499 , lambda.multiplier= 0.525870489095925 , beta.multiplier= 0.778800783071405 , sigma.multiplier= 0.456690974230644",1.44046564499006,1.13244938355499,0.525870489095925,0.778800783071405,0.456690974230644
5888.31956696947,79,"Cgg.multiplier= 1.36911784249724 , Cgq.multiplier= 1.29405416419802 , lambda.multiplier= 0.370061795127346 , beta.multiplier= 0.778800783071405 , sigma.multiplier= 0.552711006529056",1.36911784249724,1.29405416419802,0.370061795127346,0.778800783071405,0.552711006529056
3060.11524181402,56,"Cgg.multiplier= 1.02892201800439 , Cgq.multiplier= 1.21824010229255 , lambda.multiplier= 0.42386801865188 , beta.multiplier= 0.778800783071405 , sigma.multiplier= 0.550683733836548",1.02892201800439,1.21824010229255,0.42386801865188,0.778800783071405,0.550683733836548
3385.47068495924,56,"Cgg.multiplier= 1.01848881448354 , Cgq.multiplier= 0.855054198483738 , lambda.multiplier= 0.453170106744288 , beta.multiplier= 0.778800783071405 , sigma.multiplier= 0.658511229813227",1.01848881448354,0.855054198483738,0.453170106744288,0.778800783071405,0.658511229813227
5421.31137128723,78,"Cgg.multiplier= 1.38735741305364 , Cgq.multiplier= 0.954437234635048 , lambda.multiplier= 0.632046914510939 , beta.multiplier= 0.778800783071405 , sigma.multiplier= 0.561325234370497",1.38735741305364,0.954437234635048,0.632046914510939,0.778800783071405,0.561325234370497
10622.8172294256,76,"Cgg.multiplier= 1.85284670978563 , Cgq.multiplier= 0.933063324526116 , lambda.multiplier= 0.38320361600199 , beta.multiplier= 0.778800783071405 , sigma.multiplier= 0.652639772479781",1.85284670978563,0.933063324526116,0.38320361600199,0.778800783071405,0.652639772479781
4430.28102835688,59,"Cgg.multiplier= 1.21326616007586 , Cgq.multiplier= 1.41369828891464 , lambda.multiplier= 0.518874407556719 , beta.multiplier= 0.778800783071405 , sigma.multiplier= 0.674619900900886",1.21326616007586,1.41369828891464,0.518874407556719,0.778800783071405,0.674619900900886
3032.56436935627,56,"Cgg.multiplier= 1.0594746978241 , Cgq.multiplier= 0.833962441890486 , lambda.multiplier= 0.613349672944848 , beta.multiplier= 0.778800783071405 , sigma.multiplier= 0.53735213029784",1.0594746978241,0.833962441890486,0.613349672944848,0.778800783071405,0.53735213029784
3810.71600362604,58,"Cgg.multiplier= 1.14521346217046 , Cgq.multiplier= 1.22973433172816 , lambda.multiplier= 0.428688779597468 , beta.multiplier= 0.778800783071405 , sigma.multiplier= 0.606361843906094",1.14521346217046,1.22973433172816,0.428688779597468,0.778800783071405,0.606361843906094
6002.07025024084,79,"Cgg.multiplier= 1.42055426632556 , Cgq.multiplier= 0.783291524440984 , lambda.multiplier= 0.486129171614673 , beta.multiplier= 0.778800783071405 , sigma.multiplier= 0.468738587849484",1.42055426632556,0.783291524440984,0.486129171614673,0.778800783071405,0.468738587849484
2163.88801466318,82,"Cgg.multiplier= 0.883334382167145 , Cgq.multiplier= 0.758216679005535 , lambda.multiplier= 0.57641801984271 , beta.multiplier= 0.778800783071405 , sigma.multiplier= 0.371541620183418",0.883334382167145,0.758216679005535,0.57641801984271,0.778800783071405,0.371541620183418
9448.58877185868,76,"Cgg.multiplier= 1.70326659010641 , Cgq.multiplier= 0.746604471613926 , lambda.multiplier= 0.330965091814273 , beta.multiplier= 0.778800783071405 , sigma.multiplier= 0.683391325237556",1.70326659010641,0.746604471613926,0.330965091814273,0.778800783071405,0.683391325237556
2642.68620555662,81,"Cgg.multiplier= 0.977093064919552 , Cgq.multiplier= 1.42318712568441 , lambda.multiplier= 0.534196325390349 , beta.multiplier= 0.778800783071405 , sigma.multiplier= 0.410906905030874",0.977093064919552,1.42318712568441,0.534196325390349,0.778800783071405,0.410906905030874
5437.67977321898,80,"Cgg.multiplier= 1.43010494207084 , Cgq.multiplier= 0.89792648286397 , lambda.multiplier= 0.678449315626905 , beta.multiplier= 0.778800783071405 , sigma.multiplier= 0.325269234687224",1.43010494207084,0.89792648286397,0.678449315626905,0.778800783071405,0.325269234687224
6315.12069752901,80,"Cgg.multiplier= 1.46326425798871 , Cgq.multiplier= 1.39800383660127 , lambda.multiplier= 0.485292601226739 , beta.multiplier= 0.778800783071405 , sigma.multiplier= 0.405032651989992",1.46326425798871,1.39800383660127,0.485292601226739,0.778800783071405,0.405032651989992
6275.81730496356,79,"Cgg.multiplier= 1.51359840231871 , Cgq.multiplier= 1.30523195069262 , lambda.multiplier= 0.679943072509082 , beta.multiplier= 0.778800783071405 , sigma.multiplier= 0.408398397693651",1.51359840231871,1.30523195069262,0.679943072509082,0.778800783071405,0.408398397693651
7327.80926981651,78,"Cgg.multiplier= 1.61475913712154 , Cgq.multiplier= 1.32345833481515 , lambda.multiplier= 0.696268395879688 , beta.multiplier= 0.778800783071405 , sigma.multiplier= 0.532506342968588",1.61475913712154,1.32345833481515,0.696268395879688,0.778800783071405,0.532506342968588
2932.45375463154,55,"Cgg.multiplier= 0.990769477557855 , Cgq.multiplier= 0.839281859476805 , lambda.multiplier= 0.579255269053197 , beta.multiplier= 0.778800783071405 , sigma.multiplier= 0.573800685462289",0.990769477557855,0.839281859476805,0.579255269053197,0.778800783071405,0.573800685462289
4131.05403401869,80,"Cgg.multiplier= 1.18881333307651 , Cgq.multiplier= 0.709911085023848 , lambda.multiplier= 0.432380408041086 , beta.multiplier= 0.778800783071405 , sigma.multiplier= 0.510051363779582",1.18881333307651,0.709911085023848,0.432380408041086,0.778800783071405,0.510051363779582
10211.7614689574,79,"Cgg.multiplier= 1.85830471513666 , Cgq.multiplier= 0.702207514059878 , lambda.multiplier= 0.39744977411085 , beta.multiplier= 0.778800783071405 , sigma.multiplier= 0.361485144582626",1.85830471513666,0.702207514059878,0.39744977411085,0.778800783071405,0.361485144582626
5895.56515765556,78,"Cgg.multiplier= 1.38815087099817 , Cgq.multiplier= 0.9040990174353 , lambda.multiplier= 0.440384949671021 , beta.multiplier= 0.778800783071405 , sigma.multiplier= 0.56636334690988",1.38815087099817,0.9040990174353,0.440384949671021,0.778800783071405,0.56636334690988
2904.9885567863,55,"Cgg.multiplier= 1.00335354953391 , Cgq.multiplier= 0.956868945938989 , lambda.multiplier= 0.648178103949986 , beta.multiplier= 0.778800783071405 , sigma.multiplier= 0.56000333873079",1.00335354953391,0.956868945938989,0.648178103949986,0.778800783071405,0.56000333873079
9837.96146787891,79,"Cgg.multiplier= 1.77762968289759 , Cgq.multiplier= 1.27614138320919 , lambda.multiplier= 0.340331146850426 , beta.multiplier= 0.778800783071405 , sigma.multiplier= 0.415776208449201",1.77762968289759,1.27614138320919,0.340331146850426,0.778800783071405,0.415776208449201
3413.55182905459,81,"Cgg.multiplier= 1.07700104367211 , Cgq.multiplier= 0.877062848660198 , lambda.multiplier= 0.387280001027401 , beta.multiplier= 0.778800783071405 , sigma.multiplier= 0.408121713820913",1.07700104367211,0.877062848660198,0.387280001027401,0.778800783071405,0.408121713820913
9946.87765060875,78,"Cgg.multiplier= 1.83647677236876 , Cgq.multiplier= 1.09539695098469 , lambda.multiplier= 0.504390201234539 , beta.multiplier= 0.778800783071405 , sigma.multiplier= 0.453746786387299",1.83647677236876,1.09539695098469,0.504390201234539,0.778800783071405,0.453746786387299
9706.03098025663,78,"Cgg.multiplier= 1.79608480398742 , Cgq.multiplier= 1.2942074183488 , lambda.multiplier= 0.447908156999927 , beta.multiplier= 0.778800783071405 , sigma.multiplier= 0.435847955243732",1.79608480398742,1.2942074183488,0.447908156999927,0.778800783071405,0.435847955243732
3104.43132486367,55,"Cgg.multiplier= 1.00447729056208 , Cgq.multiplier= 1.19286644455389 , lambda.multiplier= 0.632263238280419 , beta.multiplier= 0.778800783071405 , sigma.multiplier= 0.615732145674516",1.00447729056208,1.19286644455389,0.632263238280419,0.778800783071405,0.615732145674516
7889.69394808913,79,"Cgg.multiplier= 1.68912036877552 , Cgq.multiplier= 0.837858267721035 , lambda.multiplier= 0.654409242511731 , beta.multiplier= 0.778800783071405 , sigma.multiplier= 0.405267956085864",1.68912036877552,0.837858267721035,0.654409242511731,0.778800783071405,0.405267956085864
5677.69408579443,79,"Cgg.multiplier= 1.33886730987605 , Cgq.multiplier= 1.48611136452308 , lambda.multiplier= 0.324072328935263 , beta.multiplier= 0.778800783071405 , sigma.multiplier= 0.495267759625008",1.33886730987605,1.48611136452308,0.324072328935263,0.778800783071405,0.495267759625008
3174.368673994,55,"Cgg.multiplier= 1.00389353989735 , Cgq.multiplier= 0.670652791042915 , lambda.multiplier= 0.636681390430903 , beta.multiplier= 0.778800783071405 , sigma.multiplier= 0.641834087040342",1.00389353989735,0.670652791042915,0.636681390430903,0.778800783071405,0.641834087040342
9526.51039593279,79,"Cgg.multiplier= 1.79446820789671 , Cgq.multiplier= 0.84001828251111 , lambda.multiplier= 0.47234953877027 , beta.multiplier= 0.778800783071405 , sigma.multiplier= 0.416157393034306",1.79446820789671,0.84001828251111,0.47234953877027,0.778800783071405,0.416157393034306
4107.5340080376,80,"Cgg.multiplier= 1.2158844804709 , Cgq.multiplier= 1.1911770717366 , lambda.multiplier= 0.57742987547611 , beta.multiplier= 0.778800783071405 , sigma.multiplier= 0.495285655116084",1.2158844804709,1.1911770717366,0.57742987547611,0.778800783071405,0.495285655116084
4319.83183781459,78,"Cgg.multiplier= 1.19748880205949 , Cgq.multiplier= 0.684525360925336 , lambda.multiplier= 0.362687679335158 , beta.multiplier= 0.778800783071405 , sigma.multiplier= 0.640375095574758",1.19748880205949,0.684525360925336,0.362687679335158,0.778800783071405,0.640375095574758
4785.32275064066,80,"Cgg.multiplier= 1.2866313547248 , Cgq.multiplier= 0.692283360095052 , lambda.multiplier= 0.501513863348538 , beta.multiplier= 0.778800783071405 , sigma.multiplier= 0.444798397013526",1.2866313547248,0.692283360095052,0.501513863348538,0.778800783071405,0.444798397013526
5127.50697854865,79,"Cgg.multiplier= 1.36605445882247 , Cgq.multiplier= 1.16966392231907 , lambda.multiplier= 0.675716164076371 , beta.multiplier= 0.778800783071405 , sigma.multiplier= 0.512751730119705",1.36605445882247,1.16966392231907,0.675716164076371,0.778800783071405,0.512751730119705
4436.94535182314,78,"Cgg.multiplier= 1.24878290292433 , Cgq.multiplier= 1.13902242123843 , lambda.multiplier= 0.53970393490389 , beta.multiplier= 0.778800783071405 , sigma.multiplier= 0.616083219235575",1.24878290292433,1.13902242123843,0.53970393490389,0.778800783071405,0.616083219235575
4939.61998835295,80,"Cgg.multiplier= 1.35193368629541 , Cgq.multiplier= 0.872289714978411 , lambda.multiplier= 0.670831225007139 , beta.multiplier= 0.778800783071405 , sigma.multiplier= 0.386366978164846",1.35193368629541,0.872289714978411,0.670831225007139,0.778800783071405,0.386366978164846
3017.26467334157,54,"Cgg.multiplier= 0.913335858382374 , Cgq.multiplier= 1.42571418179287 , lambda.multiplier= 0.609732678315895 , beta.multiplier= 0.778800783071405 , sigma.multiplier= 0.701875738684902",0.913335858382374,1.42571418179287,0.609732678315895,0.778800783071405,0.701875738684902
3611.86015422468,56,"Cgg.multiplier= 1.05833799097176 , Cgq.multiplier= 1.22254878258954 , lambda.multiplier= 0.561497123079439 , beta.multiplier= 0.778800783071405 , sigma.multiplier= 0.687745093627252",1.05833799097176,1.22254878258954,0.561497123079439,0.778800783071405,0.687745093627252
10166.2500564034,77,"Cgg.multiplier= 1.89724940891427 , Cgq.multiplier= 1.20056058430487 , lambda.multiplier= 0.624912751695803 , beta.multiplier= 0.778800783071405 , sigma.multiplier= 0.517369582589603",1.89724940891427,1.20056058430487,0.624912751695803,0.778800783071405,0.517369582589603
3894.42416255331,81,"Cgg.multiplier= 1.20698224967822 , Cgq.multiplier= 0.84142751590116 , lambda.multiplier= 0.67502019347727 , beta.multiplier= 0.778800783071405 , sigma.multiplier= 0.363739608190622",1.20698224967822,0.84142751590116,0.67502019347727,0.778800783071405,0.363739608190622
3099.90962092516,80,"Cgg.multiplier= 1.04108058681538 , Cgq.multiplier= 1.065149751613 , lambda.multiplier= 0.380459108149256 , beta.multiplier= 0.778800783071405 , sigma.multiplier= 0.535131436808207",1.04108058681538,1.065149751613,0.380459108149256,0.778800783071405,0.535131436808207
5629.64130370748,81,"Cgg.multiplier= 1.37573527958355 , Cgq.multiplier= 1.48074965107952 , lambda.multiplier= 0.391485638664819 , beta.multiplier= 0.778800783071405 , sigma.multiplier= 0.331170557743819",1.37573527958355,1.48074965107952,0.391485638664819,0.778800783071405,0.331170557743819
2946.32768434478,54,"Cgg.multiplier= 0.880420072191907 , Cgq.multiplier= 1.48617262054602 , lambda.multiplier= 0.354527134646297 , beta.multiplier= 0.778800783071405 , sigma.multiplier= 0.686867120513491",0.880420072191907,1.48617262054602,0.354527134646297,0.778800783071405,0.686867120513491
4033.72644076731,81,"Cgg.multiplier= 1.21880799568273 , Cgq.multiplier= 1.04063301390973 , lambda.multiplier= 0.638373764965583 , beta.multiplier= 0.778800783071405 , sigma.multiplier= 0.321342045101305",1.21880799568273,1.04063301390973,0.638373764965583,0.778800783071405,0.321342045101305
2508.56902906102,54,"Cgg.multiplier= 0.891997879504279 , Cgq.multiplier= 1.25757164903346 , lambda.multiplier= 0.629353342237715 , beta.multiplier= 0.778800783071405 , sigma.multiplier= 0.540400237540118",0.891997879504279,1.25757164903346,0.629353342237715,0.778800783071405,0.540400237540118
9794.08357756075,77,"Cgg.multiplier= 1.7754892609283 , Cgq.multiplier= 0.930376883251611 , lambda.multiplier= 0.425007856301879 , beta.multiplier= 0.778800783071405 , sigma.multiplier= 0.604771631819604",1.7754892609283,0.930376883251611,0.425007856301879,0.778800783071405,0.604771631819604
7835.5773122824,79,"Cgg.multiplier= 1.63253719109076 , Cgq.multiplier= 1.35519825508126 , lambda.multiplier= 0.490883290404907 , beta.multiplier= 0.778800783071405 , sigma.multiplier= 0.389849343348737",1.63253719109076,1.35519825508126,0.490883290404907,0.778800783071405,0.389849343348737
3974.11651714368,80,"Cgg.multiplier= 1.19325542203116 , Cgq.multiplier= 1.02683300495843 , lambda.multiplier= 0.559509828108794 , beta.multiplier= 0.778800783071405 , sigma.multiplier= 0.431917006816832",1.19325542203116,1.02683300495843,0.559509828108794,0.778800783071405,0.431917006816832
4752.23591089839,79,"Cgg.multiplier= 1.26835236406459 , Cgq.multiplier= 1.48853231910283 , lambda.multiplier= 0.460573314680882 , beta.multiplier= 0.778800783071405 , sigma.multiplier= 0.490090530034559",1.26835236406459,1.48853231910283,0.460573314680882,0.778800783071405,0.490090530034559
4275.60346597093,80,"Cgg.multiplier= 1.21138292894443 , Cgq.multiplier= 1.33229770610175 , lambda.multiplier= 0.464996142094817 , beta.multiplier= 0.778800783071405 , sigma.multiplier= 0.468536844711173",1.21138292894443,1.33229770610175,0.464996142094817,0.778800783071405,0.468536844711173
2775.7443523202,54,"Cgg.multiplier= 0.955408729835188 , Cgq.multiplier= 1.06977024837701 , lambda.multiplier= 0.671502280895471 , beta.multiplier= 0.778800783071405 , sigma.multiplier= 0.571603321488488",0.955408729835188,1.06977024837701,0.671502280895471,0.778800783071405,0.571603321488488
8483.61636110041,78,"Cgg.multiplier= 1.65927509718069 , Cgq.multiplier= 1.1129237509555 , lambda.multiplier= 0.468092328403459 , beta.multiplier= 0.778800783071405 , sigma.multiplier= 0.554880559524837",1.65927509718069,1.1129237509555,0.468092328403459,0.778800783071405,0.554880559524837
7265.27442570029,78,"Cgg.multiplier= 1.49673895634964 , Cgq.multiplier= 0.950485917129453 , lambda.multiplier= 0.343914355549724 , beta.multiplier= 0.778800783071405 , sigma.multiplier= 0.599451567085065",1.49673895634964,0.950485917129453,0.343914355549724,0.778800783071405,0.599451567085065
2748.3503620828,81,"Cgg.multiplier= 1.01408064425067 , Cgq.multiplier= 0.71305110704846 , lambda.multiplier= 0.591185643840918 , beta.multiplier= 0.778800783071405 , sigma.multiplier= 0.440981812834552",1.01408064425067,0.71305110704846,0.591185643840918,0.778800783071405,0.440981812834552
2217.05184471028,82,"Cgg.multiplier= 0.895008486259989 , Cgq.multiplier= 1.04716321730678 , lambda.multiplier= 0.585555098010207 , beta.multiplier= 0.778800783071405 , sigma.multiplier= 0.372592471612286",0.895008486259989,1.04716321730678,0.585555098010207,0.778800783071405,0.372592471612286
